Date,stock_price,portfolio_value,current_val,stock_owned,cash_in_hand,stock_value,sell_buy,marker_buy,marker_sell,benchmark
2018-01-02,157.0399932861328,1000.0,0.0,0.0,1000.0,0.0,hold,,,2695.81005859375
2018-01-03,157.27999877929688,999.95,-0.049999999999954525,6.357769632254255,0.0,999.95,buy,157.27999877929688,,2713.06005859375
2018-01-04,159.44000244140625,1013.682805688517,13.732805688516919,6.357769632254255,0.0,1013.682805688517,hold,,,2723.989990234375
2018-01-05,161.9600067138672,1029.70441232512,16.02160663660311,6.357769632254255,0.0,1029.70441232512,hold,,,2743.14990234375
2018-01-08,166.02999877929688,1055.5804842822247,25.876071957104614,6.357769632254255,0.0,1055.5804842822247,hold,,,2747.7099609375
2018-01-09,166.42999267578125,1058.1235533303802,2.5430690481555303,6.357769632254255,0.0,1058.1235533303802,hold,,,2751.2900390625
2018-01-10,165.8699951171875,1054.5632178582164,-3.5603354721638425,6.357769632254255,0.0,1054.5632178582164,hold,,,2748.22998046875
2018-01-11,169.1999969482422,1075.734602375047,21.171384516830585,6.357769632254255,0.0,1075.734602375047,hold,,,2767.56005859375
2018-01-12,170.3000030517578,1082.7281877752728,6.993585400225811,6.357769632254255,0.0,1082.7281877752728,hold,,,2786.239990234375
2018-01-16,169.30999755859375,1076.4339609150695,-6.294226860203253,6.357769632254255,0.0,1076.4339609150695,hold,,,2776.419921875
2018-01-17,168.5,1071.284183034842,-5.149777880227475,6.357769632254255,0.0,1071.284183034842,hold,,,2802.56005859375
2018-01-18,168.8300018310547,1073.3822586549097,2.098075620067675,6.357769632254255,0.0,1073.3822586549097,hold,,,2798.030029296875
2018-01-19,170.41000366210938,1083.4275463152953,10.045287660385611,6.357769632254255,0.0,1083.4275463152953,hold,,,2810.300048828125
2018-01-22,170.88999938964844,1086.4792485754551,3.0517022601598,6.357769632254255,0.0,1086.4792485754551,hold,,,2832.969970703125
2018-01-23,169.42999267578125,1077.196862227143,-9.28238634831223,6.357769632254255,0.0,1077.196862227143,hold,,,2839.1298828125
2018-01-24,168.33999633789062,1070.2669166108335,-6.929945616309396,6.357769632254255,0.0,1070.2669166108335,hold,,,2837.5400390625
2018-01-25,169.3699951171875,1076.815411571106,6.548494960272592,6.357769632254255,0.0,1076.815411571106,hold,,,2839.25
2018-01-26,167.05999755859375,1062.1289792424973,-14.686432328608817,6.357769632254255,0.0,1062.1289792424973,hold,,,2872.8701171875
2018-01-29,162.5800018310547,1033.6461984533207,-28.48278078917656,6.357769632254255,0.0,1033.6461984533207,hold,,,2853.530029296875
2018-01-30,163.75999450683594,1041.04420522168,7.39800676835921,0.0,1041.04420522168,0.0,sell,,163.75999450683594,2822.429931640625
2018-01-31,162.77999877929688,1041.04420522168,0.0,0.0,1041.04420522168,0.0,hold,,,2823.81005859375
2018-02-01,162.24000549316406,1041.04420522168,0.0,0.0,1041.04420522168,0.0,hold,,,2821.97998046875
2018-02-02,157.49000549316406,1041.04420522168,0.0,0.0,1041.04420522168,0.0,hold,,,2762.1298828125
2018-02-05,151.0800018310547,1041.04420522168,0.0,0.0,1041.04420522168,0.0,hold,,,2648.93994140625
2018-02-06,156.41000366210938,1041.04420522168,0.0,0.0,1041.04420522168,0.0,hold,,,2695.139892578125
2018-02-07,154.33999633789062,1041.04420522168,0.0,0.0,1041.04420522168,0.0,hold,,,2681.659912109375
2018-02-08,145.99000549316406,1040.9921530114188,-0.0520522102610812,7.130571366819785,0.0,1040.9921530114188,buy,145.99000549316406,,2581.0
2018-02-09,149.2100067138672,1063.9526015168892,22.960448505470367,7.130571366819785,0.0,1063.9526015168892,hold,,,2619.550048828125
2018-02-12,152.2899932861328,1085.9146655792758,21.962064062386617,7.130571366819785,0.0,1085.9146655792758,hold,,,2656.0
2018-02-13,153.97000122070312,1097.8940820535531,11.979416474277286,7.130571366819785,0.0,1097.8940820535531,hold,,,2662.93994140625
2018-02-14,158.05999755859375,1127.0580928309137,29.164010777360545,7.130571366819785,0.0,1127.0580928309137,hold,,,2698.6298828125
2018-02-15,159.97999572753906,1140.7487767987416,13.690683967827908,7.130571366819785,0.0,1140.7487767987416,hold,,,2731.199951171875
2018-02-16,156.2899932861328,1114.4369510465551,-26.31182575218645,7.130571366819785,0.0,1114.4369510465551,hold,,,2732.219970703125
2018-02-20,155.55999755859375,1109.2316644138643,-5.205286632690786,7.130571366819785,0.0,1109.2316644138643,hold,,,2716.260009765625
2018-02-21,155.22999572753906,1106.767874950067,-2.4637894637974114,0.0,1106.767874950067,0.0,sell,,155.22999572753906,2701.330078125
2018-02-22,158.86000061035156,1106.7125365563195,-0.055338393747433656,6.966590282665556,0.0,1106.7125365563195,buy,158.86000061035156,,2703.9599609375
2018-02-23,162.41000366210938,1131.4439533201285,24.731416763808966,6.966590282665556,0.0,1131.4439533201285,hold,,,2747.300048828125
2018-02-26,163.69000244140625,1140.361180377802,8.917227057673472,6.966590282665556,0.0,1140.361180377802,hold,,,2779.60009765625
2018-02-27,161.25999450683594,1123.4323107140242,-16.928869663777732,6.966590282665556,0.0,1123.4323107140242,hold,,,2744.280029296875
2018-02-28,154.6300048828125,1077.243889425129,-46.18842128889514,6.966590282665556,0.0,1077.243889425129,hold,,,2713.830078125
2018-03-01,150.22999572753906,1046.5908284003617,-30.65306102476734,6.966590282665556,0.0,1046.5908284003617,hold,,,2677.669921875
2018-03-02,146.3800048828125,1019.7695195931382,-26.821308807223545,6.966590282665556,0.0,1019.7695195931382,hold,,,2691.25
2018-03-05,151.1199951171875,1052.7910894998647,33.02156990672654,6.966590282665556,0.0,1052.7910894998647,hold,,,2720.93994140625
2018-03-06,153.75,1071.0061446342334,18.21505513436864,0.0,1071.0061446342334,0.0,sell,,153.75,2728.1201171875
2018-03-07,151.50999450683594,1071.0061446342334,0.0,0.0,1071.0061446342334,0.0,hold,,,2726.800048828125
2018-03-08,153.58999633789062,1071.0061446342334,0.0,0.0,1071.0061446342334,0.0,hold,,,2738.969970703125
2018-03-09,158.25,1071.0061446342334,0.0,0.0,1071.0061446342334,0.0,hold,,,2786.570068359375
2018-03-12,154.5,1070.9525943270016,-0.05355030723171694,6.931732002116515,0.0,1070.9525943270016,buy,154.5,,2783.02001953125
2018-03-13,153.69000244140625,1065.337908328461,-5.614685998540608,6.931732002116515,0.0,1065.337908328461,hold,,,2765.31005859375
2018-03-14,152.5399932861328,1057.3663530641252,-7.971555264335848,6.931732002116515,0.0,1057.3663530641252,hold,,,2749.47998046875
2018-03-15,154.57000732421875,1071.3307225500375,13.964369485912357,0.0,1071.3307225500375,0.0,sell,,154.57000732421875,2747.330078125
2018-03-16,156.4600067138672,1071.3307225500375,0.0,0.0,1071.3307225500375,0.0,hold,,,2752.010009765625
2018-03-19,152.14999389648438,1071.3307225500375,0.0,0.0,1071.3307225500375,0.0,hold,,,2712.919921875
2018-03-20,154.05999755859375,1071.3307225500375,0.0,0.0,1071.3307225500375,0.0,hold,,,2716.93994140625
2018-03-21,155.8000030517578,1071.2771560139101,-0.05356653612739137,6.87597647644477,0.0,1071.2771560139101,buy,155.8000030517578,,2711.929931640625
2018-03-22,146.89999389648438,1009.9798943318647,-61.29726168204547,0.0,1009.9798943318647,0.0,sell,,146.89999389648438,2643.68994140625
2018-03-23,144.2899932861328,1009.9798943318647,0.0,0.0,1009.9798943318647,0.0,hold,,,2588.260009765625
2018-03-26,149.19000244140625,1009.9798943318647,0.0,0.0,1009.9798943318647,0.0,hold,,,2658.550048828125
2018-03-27,146.99000549316406,1009.9798943318647,0.0,0.0,1009.9798943318647,0.0,hold,,,2612.6201171875
2018-03-28,145.16000366210938,1009.9798943318647,0.0,0.0,1009.9798943318647,0.0,hold,,,2605.0
2018-03-29,147.3800048828125,1009.9798943318647,0.0,0.0,1009.9798943318647,0.0,hold,,,2640.8701171875
2018-04-02,143.88999938964844,1009.9798943318647,0.0,0.0,1009.9798943318647,0.0,hold,,,2581.8798828125
2018-04-03,145.05999755859375,1009.9798943318647,0.0,0.0,1009.9798943318647,0.0,hold,,,2614.449951171875
2018-04-04,145.17999267578125,1009.9798943318647,0.0,0.0,1009.9798943318647,0.0,hold,,,2644.68994140625
2018-04-05,148.1300048828125,1009.9798943318647,0.0,0.0,1009.9798943318647,0.0,hold,,,2662.840087890625
2018-04-06,142.99000549316406,1009.9798943318647,0.0,0.0,1009.9798943318647,0.0,hold,,,2604.469970703125
2018-04-09,143.0800018310547,1009.9798943318647,0.0,0.0,1009.9798943318647,0.0,hold,,,2613.159912109375
2018-04-10,148.08999633789062,1009.9798943318647,0.0,0.0,1009.9798943318647,0.0,hold,,,2656.8701171875
2018-04-11,146.7899932861328,1009.9798943318647,0.0,0.0,1009.9798943318647,0.0,hold,,,2642.18994140625
2018-04-12,150.13999938964844,1009.9798943318647,0.0,0.0,1009.9798943318647,0.0,hold,,,2663.989990234375
2018-04-13,150.22999572753906,1009.9293953371481,-0.05049899471657682,6.72255490953206,0.0,1009.9293953371481,buy,150.22999572753906,,2656.300048828125
2018-04-16,152.13999938964844,1022.6672228831025,12.73782754595436,0.0,1022.6672228831025,0.0,sell,,152.13999938964844,2677.840087890625
2018-04-17,153.30999755859375,1022.6160895219583,-0.05113336114413869,6.670250510773919,0.0,1022.6160895219583,buy,153.30999755859375,,2706.389892578125
2018-04-18,155.9499969482422,1040.2255467992036,17.60945727724527,6.670250510773919,0.0,1040.2255467992036,hold,,,2708.639892578125
2018-04-19,155.6999969482422,1038.55798417151,-1.6675626276935418,6.670250510773919,0.0,1038.55798417151,hold,,,2693.1298828125
2018-04-20,153.25,1022.2158907761032,-16.34209339540689,6.670250510773919,0.0,1022.2158907761032,hold,,,2670.139892578125
2018-04-23,153.99000549316406,1027.1519127948563,4.936022018753192,6.670250510773919,0.0,1027.1519127948563,hold,,,2670.2900390625
2018-04-24,144.44000244140625,963.4510000609762,-63.70091273388016,6.670250510773919,0.0,963.4510000609762,hold,,,2634.56005859375
2018-04-25,145.19000244140625,968.4536879440567,5.002687883080512,6.670250510773919,0.0,968.4536879440567,hold,,,2639.39990234375
2018-04-26,146.30999755859375,975.9243359465409,7.470648002484154,6.670250510773919,0.0,975.9243359465409,hold,,,2666.93994140625
2018-04-27,144.72000122070312,965.3186620615973,-10.605673884943599,6.670250510773919,0.0,965.3186620615973,hold,,,2669.909912109375
2018-04-30,144.36000061035156,962.9173678065208,-2.4012942550764365,6.670250510773919,0.0,962.9173678065208,hold,,,2648.050048828125
2018-05-01,144.4199981689453,963.317566552376,0.4001987458551639,6.670250510773919,0.0,963.317566552376,hold,,,2654.800048828125
2018-05-02,143.86000061035156,959.5822425511338,-3.735324001242134,6.670250510773919,0.0,959.5822425511338,hold,,,2635.669921875
2018-05-03,143.77999877929688,959.0486102966785,-0.5336322544553695,6.670250510773919,0.0,959.0486102966785,hold,,,2629.72998046875
2018-05-04,146.3699951171875,976.324534692396,17.27592439571754,6.670250510773919,0.0,976.324534692396,hold,,,2663.419921875
2018-05-07,149.82000732421875,999.3369803785224,23.012445686126398,6.670250510773919,0.0,999.3369803785224,hold,,,2672.6298828125
2018-05-08,149.92999267578125,1000.0706102259599,0.7336298474374416,6.670250510773919,0.0,1000.0706102259599,hold,,,2671.919921875
2018-05-09,152.61000061035156,1017.8451398269536,17.774529600993787,0.0,1017.8451398269536,0.0,sell,,152.61000061035156,2697.7900390625
2018-05-10,153.97000122070312,1017.7942475699624,-0.0508922569912329,6.610341232062727,1.1368683772161603e-13,1017.7942475699623,buy,153.97000122070312,,2723.070068359375
2018-05-11,154.86000061035156,1023.6774472318662,5.883199661903745,6.610341232062727,1.1368683772161603e-13,1023.677447231866,hold,,,2727.719970703125
2018-05-14,155.27999877929688,1026.453778445436,2.776331213569847,6.610341232062727,1.1368683772161603e-13,1026.453778445436,hold,,,2730.1298828125
2018-05-15,152.58999633789062,1008.671944392659,-17.781834052776958,6.610341232062727,1.1368683772161603e-13,1008.6719443926589,hold,,,2711.449951171875
2018-05-16,153.8000030517578,1016.6705016644081,7.998557271749064,6.610341232062727,1.1368683772161603e-13,1016.670501664408,hold,,,2722.4599609375
2018-05-17,153.69000244140625,1015.9433600942491,-0.7271415701590058,6.610341232062727,1.1368683772161603e-13,1015.943360094249,hold,,,2720.1298828125
2018-05-18,155.7100067138672,1029.2962776254403,13.352917531191224,6.610341232062727,1.1368683772161603e-13,1029.2962776254403,hold,,,2712.969970703125
2018-05-21,158.9199981689453,1050.5154164955125,21.21913887007213,6.610341232062727,1.1368683772161603e-13,1050.5154164955122,hold,,,2733.010009765625
2018-05-22,156.1999969482422,1032.5352802750376,-17.980136220474833,6.610341232062727,1.1368683772161603e-13,1032.5352802750374,hold,,,2724.43994140625
2018-05-23,157.74000549316406,1042.7152622572635,10.179981982225854,6.610341232062727,1.1368683772161603e-13,1042.7152622572635,hold,,,2733.2900390625
2018-05-24,157.6999969482422,1042.4507921231316,-0.2644701341318978,6.610341232062727,1.1368683772161603e-13,1042.4507921231316,hold,,,2727.760009765625
2018-05-25,155.85000610351562,1030.221721363297,-12.229070759834485,6.610341232062727,1.1368683772161603e-13,1030.221721363297,hold,,,2721.330078125
2018-05-29,153.6199951171875,1015.4805877924194,-14.74113357087765,6.610341232062727,1.1368683772161603e-13,1015.4805877924193,hold,,,2689.860107421875
2018-05-30,155.4600067138672,1027.6436923174247,12.163104525005224,6.610341232062727,1.1368683772161603e-13,1027.6436923174247,hold,,,2724.010009765625
2018-05-31,151.91000366210938,1004.0765430743646,-23.567149243060044,0.0,1004.0765430743646,0.0,sell,,151.91000366210938,2705.27001953125
2018-06-01,153.52000427246094,1004.0263392472108,-0.050203827153836755,6.540035899590691,0.0,1004.0263392472108,buy,153.52000427246094,,2734.6201171875
2018-06-04,152.5,997.2557391401117,-6.770600107099085,0.0,997.2557391401117,0.0,sell,,152.5,2746.8701171875
2018-06-05,153.00999450683594,997.2557391401117,0.0,0.0,997.2557391401117,0.0,hold,,,2748.800048828125
2018-06-06,156.50999450683594,997.2557391401117,0.0,0.0,997.2557391401117,0.0,hold,,,2772.35009765625
2018-06-07,156.2899932861328,997.2557391401117,0.0,0.0,997.2557391401117,0.0,hold,,,2770.3701171875
2018-06-08,155.32000732421875,997.2557391401117,0.0,0.0,997.2557391401117,0.0,hold,,,2779.030029296875
2018-06-11,156.3000030517578,997.2557391401117,0.0,0.0,997.2557391401117,0.0,hold,,,2782.0
2018-06-12,157.49000549316406,997.2557391401117,0.0,0.0,997.2557391401117,0.0,hold,,,2786.85009765625
2018-06-13,154.7100067138672,997.2557391401117,0.0,0.0,997.2557391401117,0.0,hold,,,2775.6298828125
2018-06-14,153.13999938964844,997.2557391401117,0.0,0.0,997.2557391401117,0.0,hold,,,2782.489990234375
2018-06-15,150.02000427246094,997.2557391401117,0.0,0.0,997.2557391401117,0.0,hold,,,2779.659912109375
2018-06-18,148.67999267578125,997.2557391401117,0.0,0.0,997.2557391401117,0.0,hold,,,2773.75
2018-06-19,143.3000030517578,997.2557391401117,0.0,0.0,997.2557391401117,0.0,hold,,,2762.590087890625
2018-06-20,143.1300048828125,997.2557391401117,0.0,0.0,997.2557391401117,0.0,hold,,,2767.320068359375
2018-06-21,139.52999877929688,997.2557391401117,0.0,0.0,997.2557391401117,0.0,hold,,,2749.760009765625
2018-06-22,139.94000244140625,997.2557391401117,0.0,0.0,997.2557391401117,0.0,hold,,,2754.8798828125
2018-06-25,136.5800018310547,997.2557391401117,0.0,0.0,997.2557391401117,0.0,hold,,,2717.070068359375
2018-06-26,135.5399932861328,997.2557391401117,0.0,0.0,997.2557391401117,0.0,hold,,,2723.06005859375
2018-06-27,134.61000061035156,997.2557391401117,0.0,0.0,997.2557391401117,0.0,hold,,,2699.6298828125
2018-06-28,136.02999877929688,997.2557391401117,0.0,0.0,997.2557391401117,0.0,hold,,,2716.31005859375
2018-06-29,135.6699981689453,997.2058763531547,-0.049862786956964555,7.350231368849638,0.0,997.2058763531547,buy,135.6699981689453,,2718.3701171875
2018-07-02,136.2899932861328,1001.7629839120399,4.55710755888515,7.350231368849638,0.0,1001.7629839120399,hold,,,2726.7099609375
2018-07-03,133.8300018310547,983.6814775518227,-18.08150636021719,7.350231368849638,0.0,983.6814775518227,hold,,,2713.219970703125
2018-07-05,135.80999755859375,998.2349042585686,14.553426706745881,7.350231368849638,0.0,998.2349042585686,hold,,,2736.610107421875
2018-07-06,135.41000366210938,995.2948565732806,-2.9400476852879365,7.350231368849638,0.0,995.2948565732806,hold,,,2759.820068359375
2018-07-09,140.97000122070312,1036.1621250391838,40.86726846590318,7.350231368849638,0.0,1036.1621250391838,hold,,,2784.169921875
2018-07-10,141.25,1038.1163588319264,1.9542337927425706,0.0,1038.1163588319264,0.0,sell,,141.25,2793.840087890625
2018-07-11,136.75999450683594,1038.1163588319264,0.0,0.0,1038.1163588319264,0.0,hold,,,2774.02001953125
2018-07-12,139.4199981689453,1038.1163588319264,0.0,0.0,1038.1163588319264,0.0,hold,,,2798.2900390625
2018-07-13,140.75,1038.1163588319264,0.0,0.0,1038.1163588319264,0.0,hold,,,2801.31005859375
2018-07-16,138.0800018310547,1038.1163588319264,0.0,0.0,1038.1163588319264,0.0,hold,,,2798.429931640625
2018-07-17,138.9499969482422,1038.1163588319264,0.0,0.0,1038.1163588319264,0.0,hold,,,2809.550048828125
2018-07-18,141.1199951171875,1038.1163588319264,0.0,0.0,1038.1163588319264,0.0,hold,,,2815.6201171875
2018-07-19,139.4199981689453,1038.1163588319264,0.0,0.0,1038.1163588319264,0.0,hold,,,2804.489990234375
2018-07-20,136.82000732421875,1038.1163588319264,0.0,0.0,1038.1163588319264,0.0,hold,,,2801.830078125
2018-07-23,136.27999877929688,1038.1163588319264,0.0,0.0,1038.1163588319264,0.0,hold,,,2806.97998046875
2018-07-24,137.97000122070312,1038.1163588319264,0.0,0.0,1038.1163588319264,0.0,hold,,,2820.39990234375
2018-07-25,140.47999572753906,1038.1163588319264,0.0,0.0,1038.1163588319264,0.0,hold,,,2846.070068359375
2018-07-26,142.5800018310547,1038.1163588319264,0.0,0.0,1038.1163588319264,0.0,hold,,,2837.43994140625
2018-07-27,142.55999755859375,1038.1163588319264,0.0,0.0,1038.1163588319264,0.0,hold,,,2818.820068359375
2018-07-30,139.75,1038.1163588319264,0.0,0.0,1038.1163588319264,0.0,hold,,,2802.60009765625
2018-07-31,143.8000030517578,1038.1163588319264,0.0,0.0,1038.1163588319264,0.0,hold,,,2816.2900390625
2018-08-01,138.5399932861328,1038.1163588319264,0.0,0.0,1038.1163588319264,0.0,hold,,,2813.360107421875
2018-08-02,138.00999450683594,1038.1163588319264,0.0,0.0,1038.1163588319264,0.0,hold,,,2827.219970703125
2018-08-03,138.50999450683594,1038.1163588319264,0.0,0.0,1038.1163588319264,0.0,hold,,,2840.35009765625
2018-08-06,139.47999572753906,1038.1163588319264,0.0,0.0,1038.1163588319264,0.0,hold,,,2850.39990234375
2018-08-07,142.3800048828125,1038.1163588319264,0.0,0.0,1038.1163588319264,0.0,hold,,,2858.449951171875
2018-08-08,139.7100067138672,1038.1163588319264,0.0,0.0,1038.1163588319264,0.0,hold,,,2857.699951171875
2018-08-09,138.52000427246094,1038.1163588319264,0.0,0.0,1038.1163588319264,0.0,hold,,,2853.580078125
2018-08-10,135.9199981689453,1038.1163588319264,0.0,0.0,1038.1163588319264,0.0,hold,,,2833.280029296875
2018-08-13,135.02000427246094,1038.1163588319264,0.0,0.0,1038.1163588319264,0.0,hold,,,2821.929931640625
2018-08-14,134.9199981689453,1038.1163588319264,0.0,0.0,1038.1163588319264,0.0,hold,,,2839.9599609375
2018-08-15,132.02000427246094,1038.1163588319264,0.0,0.0,1038.1163588319264,0.0,hold,,,2818.3701171875
2018-08-16,136.25999450683594,1038.1163588319264,0.0,0.0,1038.1163588319264,0.0,hold,,,2840.68994140625
2018-08-17,139.33999633789062,1038.1163588319264,0.0,0.0,1038.1163588319264,0.0,hold,,,2850.1298828125
2018-08-20,138.6699981689453,1038.1163588319264,0.0,0.0,1038.1163588319264,0.0,hold,,,2857.050048828125
2018-08-21,139.99000549316406,1038.1163588319264,0.0,0.0,1038.1163588319264,0.0,hold,,,2862.9599609375
2018-08-22,139.6300048828125,1038.1163588319264,0.0,0.0,1038.1163588319264,0.0,hold,,,2861.820068359375
2018-08-23,136.7899932861328,1038.1163588319264,0.0,0.0,1038.1163588319264,0.0,hold,,,2856.97998046875
2018-08-24,138.2100067138672,1038.0644530139848,-0.051905817941587884,7.510776373544822,0.0,1038.0644530139848,buy,138.2100067138672,,2874.68994140625
2018-08-27,142.0399932861328,1066.7239426093843,28.659489595399464,0.0,1066.7239426093843,0.0,sell,,142.0399932861328,2896.739990234375
2018-08-28,142.0,1066.6706064122538,-0.05333619713042026,7.511764833889112,0.0,1066.6706064122538,buy,142.0,,2897.52001953125
2018-08-29,141.86000061035156,1065.5124020239348,-1.1582043883190636,0.0,1065.5124020239348,0.0,sell,,141.86000061035156,2914.0400390625
2018-08-30,139.05999755859375,1065.4591264038336,-0.05327562010120346,7.661866425352813,0.0,1065.4591264038336,buy,139.05999755859375,,2901.1298828125
2018-08-31,138.85000610351562,1063.7438149045672,-1.7153114992663632,0.0,1063.7438149045672,0.0,sell,,138.85000610351562,2901.52001953125
2018-09-04,138.24000549316406,1063.690627713822,-0.05318719074512046,7.694521017408534,0.0,1063.690627713822,buy,138.24000549316406,,2896.719970703125
2018-09-05,140.58999633789062,1081.6645043911224,17.973876677300268,0.0,1081.6645043911224,0.0,sell,,140.58999633789062,2888.60009765625
2018-09-06,141.57000732421875,1081.6645043911224,0.0,0.0,1081.6645043911224,0.0,hold,,,2878.050048828125
2018-09-07,141.32000732421875,1081.6645043911224,0.0,0.0,1081.6645043911224,0.0,hold,,,2871.679931640625
2018-09-10,142.0500030517578,1081.6645043911224,0.0,0.0,1081.6645043911224,0.0,hold,,,2877.1298828125
2018-09-11,142.02999877929688,1081.6645043911224,0.0,0.0,1081.6645043911224,0.0,hold,,,2887.889892578125
2018-09-12,144.27999877929688,1081.6645043911224,0.0,0.0,1081.6645043911224,0.0,hold,,,2888.919921875
2018-09-13,145.5399932861328,1081.6645043911224,0.0,0.0,1081.6645043911224,0.0,hold,,,2904.179931640625
2018-09-14,144.89999389648438,1081.6645043911224,0.0,0.0,1081.6645043911224,0.0,hold,,,2904.97998046875
2018-09-17,146.22000122070312,1081.6104211659028,-0.054083225219528686,7.397144112544015,0.0,1081.6104211659028,buy,146.22000122070312,,2888.800048828125
2018-09-18,149.07000732421875,1102.692327035238,21.08190586933506,7.397144112544015,0.0,1102.692327035238,hold,,,2904.31005859375
2018-09-19,152.75999450683594,1129.9876939984974,27.29536696325954,7.397144112544015,0.0,1129.9876939984974,hold,,,2907.949951171875
2018-09-20,156.0,1153.9544815568663,23.96678755836888,7.397144112544015,0.0,1153.9544815568663,hold,,,2930.75
2018-09-21,156.3800048828125,1156.7654324385007,2.810950881634426,7.397144112544015,0.0,1156.7654324385007,hold,,,2929.669921875
2018-09-24,154.0,1139.1601933317784,-17.605239106722365,7.397144112544015,0.0,1139.1601933317784,hold,,,2919.3701171875
2018-09-25,154.08999633789062,1139.8259092127564,0.6657158809780412,7.397144112544015,0.0,1139.8259092127564,hold,,,2915.56005859375
2018-09-26,153.1699981689453,1133.0205501737914,-6.80535903896498,7.397144112544015,0.0,1133.0205501737914,hold,,,2905.969970703125
2018-09-27,152.47000122070312,1127.842571869303,-5.1779783044885335,7.397144112544015,0.0,1127.842571869303,hold,,,2914.0
2018-09-28,152.49000549316406,1127.990546355563,0.14797448626018195,7.397144112544015,0.0,1127.990546355563,hold,,,2913.97998046875
2018-10-01,152.27999877929688,1126.4370964284856,-1.5534499270775086,7.397144112544015,0.0,1126.4370964284856,hold,,,2924.590087890625
2018-10-02,154.82000732421875,1145.225905682366,18.788809253880345,7.397144112544015,0.0,1145.225905682366,hold,,,2923.429931640625
2018-10-03,158.22000122070312,1170.376150516431,25.150244834065006,7.397144112544015,0.0,1170.376150516431,hold,,,2925.510009765625
2018-10-04,156.75,1159.5023396412744,-10.87381087515655,7.397144112544015,0.0,1159.5023396412744,hold,,,2901.610107421875
2018-10-05,153.30999755859375,1134.056145834689,-25.44619380658537,7.397144112544015,0.0,1134.056145834689,hold,,,2885.570068359375
2018-10-08,153.35000610351562,1134.2386595977287,0.18251376303965117,0.0,1134.2386595977287,0.0,sell,,153.35000610351562,2884.429931640625
2018-10-09,149.4600067138672,1134.2386595977287,0.0,0.0,1134.2386595977287,0.0,hold,,,2880.340087890625
2018-10-10,143.72000122070312,1134.2386595977287,0.0,0.0,1134.2386595977287,0.0,hold,,,2785.679931640625
2018-10-11,140.97000122070312,1134.2386595977287,0.0,0.0,1134.2386595977287,0.0,hold,,,2728.3701171875
2018-10-12,142.07000732421875,1134.2386595977287,0.0,0.0,1134.2386595977287,0.0,hold,,,2767.1298828125
2018-10-15,141.8000030517578,1134.2386595977287,0.0,0.0,1134.2386595977287,0.0,hold,,,2750.7900390625
2018-10-16,143.7100067138672,1134.2386595977287,0.0,0.0,1134.2386595977287,0.0,hold,,,2809.919921875
2018-10-17,141.33999633789062,1134.2386595977287,0.0,0.0,1134.2386595977287,0.0,hold,,,2809.2099609375
2018-10-18,135.8000030517578,1134.2386595977287,0.0,0.0,1134.2386595977287,0.0,hold,,,2768.780029296875
2018-10-19,131.32000732421875,1134.2386595977287,0.0,0.0,1134.2386595977287,0.0,hold,,,2767.780029296875
2018-10-22,128.7100067138672,1134.2386595977287,0.0,0.0,1134.2386595977287,0.0,hold,,,2755.8798828125
2018-10-23,118.9800033569336,1134.2386595977287,0.0,0.0,1134.2386595977287,0.0,hold,,,2740.68994140625
2018-10-24,112.33999633789062,1134.2386595977287,0.0,0.0,1134.2386595977287,0.0,hold,,,2656.10009765625
2018-10-25,115.62999725341797,1134.2386595977287,0.0,0.0,1134.2386595977287,0.0,hold,,,2705.570068359375
2018-10-26,115.05000305175781,1134.2386595977287,0.0,0.0,1134.2386595977287,0.0,hold,,,2658.68994140625
2018-10-29,113.9800033569336,1134.1819476647488,-0.056711932979851554,9.950709898761858,0.0,1134.1819476647488,buy,113.9800033569336,,2641.25
2018-10-30,117.45999908447266,1168.8103755984207,34.6284279336719,9.950709898761858,0.0,1168.8103755984207,hold,,,2682.6298828125
2018-10-31,121.31999969482422,1207.2201218810728,38.40974628265212,9.950709898761858,0.0,1207.2201218810728,hold,,,2711.739990234375
2018-11-01,124.69999694824219,1240.853494008447,33.63337212737406,9.950709898761858,0.0,1240.853494008447,hold,,,2740.3701171875
2018-11-02,125.79000091552734,1251.699807275401,10.846313266954212,9.950709898761858,0.0,1251.699807275401,hold,,,2723.06005859375
2018-11-05,126.41000366210938,1257.8692747430744,6.1694674676732575,9.950709898761858,0.0,1257.8692747430744,hold,,,2738.31005859375
2018-11-06,129.3300018310547,1286.925329427165,29.056054684090668,9.950709898761858,0.0,1286.925329427165,hold,,,2755.449951171875
2018-11-07,135.10000610351562,1344.2065339602345,57.28120453306951,0.0,1344.2065339602345,0.0,sell,,135.10000610351562,2813.889892578125
2018-11-08,131.38999938964844,1344.2065339602345,0.0,0.0,1344.2065339602345,0.0,hold,,,2806.830078125
2018-11-09,126.91000366210938,1344.2065339602345,0.0,0.0,1344.2065339602345,0.0,hold,,,2781.010009765625
2018-11-12,125.0,1344.2065339602345,0.0,0.0,1344.2065339602345,0.0,hold,,,2726.219970703125
2018-11-13,125.95999908447266,1344.2065339602345,0.0,0.0,1344.2065339602345,0.0,hold,,,2722.179931640625
2018-11-14,125.0999984741211,1344.2065339602345,0.0,0.0,1344.2065339602345,0.0,hold,,,2701.580078125
2018-11-15,129.4199981689453,1344.2065339602345,0.0,0.0,1344.2065339602345,0.0,hold,,,2730.199951171875
2018-11-16,129.9600067138672,1344.1393236335366,-0.06721032669793203,10.342715098445069,0.0,1344.1393236335366,buy,129.9600067138672,,2736.27001953125
2018-11-19,125.9800033569336,1302.8449852936353,-41.29433833990129,0.0,1302.8449852936353,0.0,sell,,125.9800033569336,2690.72998046875
2018-11-20,122.2699966430664,1302.7798430443706,-0.0651422492646816,10.654942985297348,0.0,1302.7798430443706,buy,122.2699966430664,,2641.889892578125
2018-11-21,123.87000274658203,1319.8278168534575,17.047973809086898,10.654942985297348,0.0,1319.8278168534575,hold,,,2649.929931640625
2018-11-23,122.31999969482422,1303.312622709941,-16.51519414351651,10.654942985297348,0.0,1303.312622709941,hold,,,2632.56005859375
2018-11-26,124.80000305175781,1329.7369170814145,26.42429437147348,10.654942985297348,0.0,1329.7369170814145,hold,,,2673.449951171875
2018-11-27,124.5999984741211,1327.6058797098967,-2.1310373715177775,10.654942985297348,0.0,1327.6058797098967,hold,,,2682.169921875
2018-11-28,130.77000427246094,1393.346939710162,65.74106000026518,10.654942985297348,0.0,1393.346939710162,hold,,,2743.7900390625
2018-11-29,130.22999572753906,1387.4544201345007,-5.892519575661254,0.0,1387.4544201345007,0.0,sell,,130.22999572753906,2737.800048828125
2018-11-30,135.6699981689453,1387.4544201345007,0.0,0.0,1387.4544201345007,0.0,hold,,,2760.169921875
2018-12-03,138.9499969482422,1387.385047413494,-0.06937272100662994,9.984779257895806,0.0,1387.385047413494,buy,138.9499969482422,,2790.3701171875
2018-12-04,129.32000732421875,1291.231726761793,-96.15332065170105,9.984779257895806,0.0,1291.231726761793,hold,,,2700.06005859375
2018-12-06,128.3699951171875,1281.6178899758213,-9.613836785971671,0.0,1281.6178899758213,0.0,sell,,128.3699951171875,2695.949951171875
2018-12-07,123.55000305175781,1281.5538090813225,-0.06408089449882937,10.372754167755474,0.0,1281.5538090813225,buy,123.55000305175781,,2633.080078125
2018-12-10,123.38999938964844,1279.8941304283212,-1.659678653001265,10.372754167755474,0.0,1279.8941304283212,hold,,,2637.719970703125
2018-12-11,123.23999786376953,1278.2103676554436,-1.6837627728775715,0.0,1278.2103676554436,0.0,sell,,123.23999786376953,2636.780029296875
2018-12-12,125.37000274658203,1278.2103676554436,0.0,0.0,1278.2103676554436,0.0,hold,,,2651.070068359375
2018-12-13,125.9000015258789,1278.146457137061,-0.06391051838272688,10.152076581780948,0.0,1278.146457137061,buy,125.9000015258789,,2650.5400390625
2018-12-14,126.7699966430664,1286.8500163211045,8.70355918404357,0.0,1286.8500163211045,0.0,sell,,126.7699966430664,2599.949951171875
2018-12-17,124.47000122070312,1286.7856738202884,-0.06434250081611026,10.33811891379862,0.0,1286.7856738202884,buy,124.47000122070312,,2545.93994140625
2018-12-18,124.2699966430664,1284.7180027133759,-2.067671106912485,10.33811891379862,0.0,1284.7180027133759,hold,,,2546.159912109375
2018-12-19,122.33000183105469,1264.6621056546464,-20.055897058729443,10.33811891379862,0.0,1264.6621056546464,hold,,,2506.9599609375
2018-12-20,121.55000305175781,1256.5983855216575,-8.06372013298892,10.33811891379862,0.0,1256.5983855216575,hold,,,2467.419921875
2018-12-21,120.06999969482422,1241.2979348248568,-15.30045069680068,10.33811891379862,0.0,1241.2979348248568,hold,,,2416.6201171875
2018-12-24,116.94999694824219,1209.0429754193135,-32.25495940554333,10.33811891379862,0.0,1209.0429754193135,hold,,,2351.10009765625
2018-12-26,124.76000213623047,1289.7837377701205,80.74076235080702,10.33811891379862,0.0,1289.7837377701205,hold,,,2467.699951171875
2018-12-27,126.66999816894531,1309.52950388121,19.74576611108955,10.33811891379862,0.0,1309.52950388121,hold,,,2488.830078125
2018-12-28,125.61000061035156,1298.4412659598245,-11.088237921385598,0.0,1298.4412659598245,0.0,sell,,125.61000061035156,2485.739990234375
2018-12-31,127.06999969482422,1298.4412659598245,0.0,0.0,1298.4412659598245,0.0,hold,,,2506.85009765625
2019-01-02,126.37999725341797,1298.3763438965266,-0.06492206329789951,10.273590537377636,0.0,1298.3763438965266,buy,126.37999725341797,,2510.030029296875
2019-01-03,121.51000213623047,1248.2191737426995,-50.15717015382711,0.0,1248.2191737426995,0.0,sell,,121.51000213623047,2447.889892578125
2019-01-04,128.14999389648438,1248.1567627840122,-0.06241095868722368,9.739811332275481,0.0,1248.1567627840122,buy,128.14999389648438,,2531.93994140625
2019-01-07,128.22999572753906,1248.9359655247215,0.7792027407092519,9.739811332275481,0.0,1248.9359655247215,hold,,,2549.68994140625
2019-01-08,129.77000427246094,1263.9353582023527,14.99939267763125,9.739811332275481,0.0,1263.9353582023527,hold,,,2574.409912109375
2019-01-09,130.27000427246094,1268.8052638684903,4.8699056661375835,9.739811332275481,0.0,1268.8052638684903,hold,,,2584.9599609375
2019-01-10,132.9600067138672,1295.0053801311476,26.200116262657275,9.739811332275481,0.0,1295.0053801311476,hold,,,2596.639892578125
2019-01-11,132.10000610351562,1286.6291364406818,-8.376243690465799,9.739811332275481,0.0,1286.6291364406818,hold,,,2596.260009765625
2019-01-14,131.8000030517578,1283.7071633174537,-2.921973123228099,9.739811332275481,0.0,1283.7071633174537,hold,,,2582.610107421875
2019-01-15,130.69000244140625,1272.895966793919,-10.811196523534818,9.739811332275481,0.0,1272.895966793919,hold,,,2610.300048828125
2019-01-16,131.66000366210938,1282.3435956756443,9.44762888172545,9.739811332275481,0.0,1282.3435956756443,hold,,,2616.10009765625
2019-01-17,134.5399932861328,1310.3941512525435,28.050555576899114,9.739811332275481,0.0,1310.3941512525435,hold,,,2635.9599609375
2019-01-18,136.60000610351562,1330.4582874359214,20.06413618337797,9.739811332275481,0.0,1330.4582874359214,hold,,,2670.7099609375
2019-01-22,132.24000549316406,1287.9927040824912,-42.46558335343025,9.739811332275481,0.0,1287.9927040824912,hold,,,2632.89990234375
2019-01-23,131.82000732421875,1283.9020011570628,-4.090702925428332,9.739811332275481,0.0,1283.9020011570628,hold,,,2638.699951171875
2019-01-24,132.72999572753906,1292.765116519961,8.86311536289827,9.739811332275481,0.0,1292.765116519961,hold,,,2642.330078125
2019-01-25,136.86000061035156,1332.9905848799315,40.225468359970364,9.739811332275481,0.0,1332.9905848799315,hold,,,2664.760009765625
2019-01-28,124.37000274658203,1211.3403621462924,-121.65022273363911,9.739811332275481,0.0,1211.3403621462924,hold,,,2643.85009765625
2019-01-29,126.52999877929688,1232.2550781518003,20.9147160055079,0.0,1232.2550781518003,0.0,sell,,126.52999877929688,2640.0
2019-01-30,130.11000061035156,1232.2550781518003,0.0,0.0,1232.2550781518003,0.0,hold,,,2681.050048828125
2019-01-31,133.16000366210938,1232.1934653978926,-0.06161275390763876,9.253480260668638,0.0,1232.1934653978926,buy,133.16000366210938,,2704.10009765625
2019-02-01,130.91000366210938,1211.3731348113884,-20.82033058650427,9.253480260668638,0.0,1211.3731348113884,hold,,,2706.530029296875
2019-02-04,130.8800048828125,1211.0955416993204,-0.27759311206796156,9.253480260668638,0.0,1211.0955416993204,hold,,,2724.8701171875
2019-02-05,132.0,1221.3372484688196,10.24170676949916,0.0,1221.3372484688196,0.0,sell,,132.0,2737.699951171875
2019-02-06,130.5399932861328,1221.2761816063962,-0.06106686242333126,9.355571046563947,0.0,1221.2761816063962,buy,130.5399932861328,,2731.610107421875
2019-02-07,128.77999877929688,1204.8104279561303,-16.465753650265924,9.355571046563947,0.0,1204.8104279561303,hold,,,2706.050048828125
2019-02-08,128.60000610351562,1203.1264936899977,-1.68393426613261,9.355571046563947,0.0,1203.1264936899977,hold,,,2707.8798828125
2019-02-11,128.92999267578125,1206.2137065112408,3.087212821243156,9.355571046563947,0.0,1206.2137065112408,hold,,,2709.800048828125
2019-02-12,132.6699981689453,1241.2035936170766,34.989887105835805,9.355571046563947,0.0,1241.2035936170766,hold,,,2744.72998046875
2019-02-13,133.10000610351562,1245.2265633995353,4.022969782458631,9.355571046563947,0.0,1245.2265633995353,hold,,,2753.030029296875
2019-02-14,132.6199951171875,1240.6117129351599,-4.614850464375422,0.0,1240.6117129351599,0.0,sell,,132.6199951171875,2745.72998046875
2019-02-15,136.1999969482422,1240.5496823495132,-0.06203058564665298,9.108294494462717,0.0,1240.5496823495132,buy,136.1999969482422,,2775.60009765625
2019-02-19,135.8000030517578,1236.906420144346,-3.643262205167275,9.108294494462717,0.0,1236.906420144346,hold,,,2779.760009765625
2019-02-20,140.30999755859375,1277.9847782810166,41.07835813667066,9.108294494462717,0.0,1277.9847782810166,hold,,,2784.699951171875
2019-02-21,138.8800048828125,1264.9599838650763,-13.024794415940278,9.108294494462717,0.0,1264.9599838650763,hold,,,2774.8798828125
2019-02-22,138.67999267578125,1263.1382137809483,-1.8217700841280475,9.108294494462717,0.0,1263.1382137809483,hold,,,2792.669921875
2019-02-25,141.41000366210938,1288.0039578175436,24.865744036595288,9.108294494462717,0.0,1288.0039578175436,hold,,,2796.110107421875
2019-02-26,137.97999572753906,1256.7624354311333,-31.241522386410224,9.108294494462717,0.0,1256.7624354311333,hold,,,2793.89990234375
2019-02-27,139.5800018310547,1271.3357622148912,14.57332678375792,9.108294494462717,0.0,1271.3357622148912,hold,,,2792.3798828125
2019-02-28,137.33999633789062,1250.933132513939,-20.402629700952275,9.108294494462717,0.0,1250.933132513939,hold,,,2784.489990234375
2019-03-01,137.47000122070312,1252.1172552723133,1.1841227583743148,9.108294494462717,0.0,1252.1172552723133,hold,,,2803.68994140625
2019-03-04,138.35000610351562,1260.1325989015347,8.015343629221434,9.108294494462717,0.0,1260.1325989015347,hold,,,2792.81005859375
2019-03-05,137.13999938964844,1249.1115014113552,-11.0210974901795,9.108294494462717,0.0,1249.1115014113552,hold,,,2789.64990234375
2019-03-06,134.8300018310547,1228.0713633661935,-21.04013804516171,9.108294494462717,0.0,1228.0713633661935,hold,,,2771.449951171875
2019-03-07,132.8000030517578,1209.4605785072915,-18.61078485890198,0.0,1209.4605785072915,0.0,sell,,132.8000030517578,2748.929931640625
2019-03-08,131.35000610351562,1209.4605785072915,0.0,0.0,1209.4605785072915,0.0,hold,,,2743.070068359375
2019-03-11,133.11000061035156,1209.4605785072915,0.0,0.0,1209.4605785072915,0.0,hold,,,2783.300048828125
2019-03-12,132.47999572753906,1209.4605785072915,0.0,0.0,1209.4605785072915,0.0,hold,,,2791.52001953125
2019-03-13,133.5,1209.4605785072915,0.0,0.0,1209.4605785072915,0.0,hold,,,2810.919921875
2019-03-14,133.69000244140625,1209.4605785072915,0.0,0.0,1209.4605785072915,0.0,hold,,,2808.47998046875
2019-03-15,132.6699981689453,1209.4605785072915,0.0,0.0,1209.4605785072915,0.0,hold,,,2822.47998046875
2019-03-18,134.10000610351562,1209.4605785072915,0.0,0.0,1209.4605785072915,0.0,hold,,,2832.93994140625
2019-03-19,134.14999389648438,1209.4605785072915,0.0,0.0,1209.4605785072915,0.0,hold,,,2832.570068359375
2019-03-20,133.00999450683594,1209.4605785072915,0.0,0.0,1209.4605785072915,0.0,hold,,,2824.22998046875
2019-03-21,134.05999755859375,1209.4605785072915,0.0,0.0,1209.4605785072915,0.0,hold,,,2854.8798828125
2019-03-22,129.77000427246094,1209.4605785072915,0.0,0.0,1209.4605785072915,0.0,hold,,,2800.7099609375
2019-03-25,131.3800048828125,1209.4605785072915,0.0,0.0,1209.4605785072915,0.0,hold,,,2798.360107421875
2019-03-26,131.83999633789062,1209.4605785072915,0.0,0.0,1209.4605785072915,0.0,hold,,,2818.4599609375
2019-03-27,131.1999969482422,1209.4001054783662,-0.0604730289253439,9.21798882324265,0.0,1209.4001054783662,buy,131.1999969482422,,2805.3701171875
2019-03-28,132.3699951171875,1220.0631170093661,10.663011530999938,0.0,1220.0631170093661,0.0,sell,,132.3699951171875,2815.43994140625
2019-03-29,135.49000549316406,1220.0021138535155,-0.061003155850585244,9.004369801395196,-2.2737367544323206e-13,1220.0021138535158,buy,135.49000549316406,,2834.39990234375
2019-04-01,140.25,1262.7365783592113,42.73446450569577,0.0,1262.7365783592113,0.0,sell,,140.25,2867.18994140625
2019-04-02,140.19000244140625,1262.6734415302933,-0.06313682891800454,9.006872241535481,0.0,1262.6734415302933,buy,140.19000244140625,,2867.239990234375
2019-04-03,139.25999450683594,1254.2969788800042,-8.376462650289113,9.006872241535481,0.0,1254.2969788800042,hold,,,2873.39990234375
2019-04-04,140.1300048828125,1262.1330511852352,7.836072305231028,9.006872241535481,0.0,1262.1330511852352,hold,,,2879.389892578125
2019-04-05,140.36000061035156,1264.2045933192787,2.0715421340435114,9.006872241535481,0.0,1264.2045933192787,hold,,,2892.739990234375
2019-04-08,139.82000732421875,1259.3409427797935,-4.8636505394852065,9.006872241535481,0.0,1259.3409427797935,hold,,,2895.77001953125
2019-04-09,136.35000610351562,1228.0870851069483,-31.253857672845243,9.006872241535481,0.0,1228.0870851069483,hold,,,2878.199951171875
2019-04-10,137.52999877929688,1238.5912568708193,10.504171763871,0.0,1238.5912568708193,0.0,sell,,137.52999877929688,2888.2099609375
2019-04-11,138.8699951171875,1238.5293273079758,-0.061929562843488384,8.918624403081633,0.0,1238.5293273079758,buy,138.8699951171875,,2888.320068359375
2019-04-12,141.1999969482422,1259.309738497645,20.780411189669167,8.918624403081633,0.0,1259.309738497645,hold,,,2907.409912109375
2019-04-15,140.25,1250.837072532199,-8.472665965445913,8.918624403081633,0.0,1250.837072532199,hold,,,2905.580078125
2019-04-16,142.02999877929688,1266.7122130826917,15.875140550492688,8.918624403081633,0.0,1266.7122130826917,hold,,,2907.06005859375
2019-04-17,142.74000549316406,1273.0444962873394,6.332283204647638,8.918624403081633,0.0,1273.0444962873394,hold,,,2900.449951171875
2019-04-18,143.36000061035156,1278.5739998692793,5.5295035819399345,8.918624403081633,0.0,1278.5739998692793,hold,,,2905.030029296875
2019-04-22,142.3800048828125,1269.8337860587337,-8.740213810545583,8.918624403081633,0.0,1269.8337860587337,hold,,,2907.969970703125
2019-04-23,142.02999877929688,1266.7122130826917,-3.121572976041989,8.918624403081633,0.0,1266.7122130826917,hold,,,2933.679931640625
2019-04-24,137.72999572753906,1228.362100931959,-38.350112150732684,8.918624403081633,0.0,1228.362100931959,hold,,,2927.25
2019-04-25,136.1300048828125,1214.0923835394735,-14.269717392485518,8.918624403081633,0.0,1214.0923835394735,hold,,,2926.169921875
2019-04-26,139.02999877929688,1239.8323442394594,25.739960699985886,0.0,1239.8323442394594,0.0,sell,,139.02999877929688,2939.8798828125
2019-04-29,139.02000427246094,1239.8323442394594,0.0,0.0,1239.8323442394594,0.0,hold,,,2943.030029296875
2019-04-30,139.4199981689453,1239.8323442394594,0.0,0.0,1239.8323442394594,0.0,hold,,,2945.830078125
2019-05-01,138.14999389648438,1239.8323442394594,0.0,0.0,1239.8323442394594,0.0,hold,,,2923.72998046875
2019-05-02,135.1699981689453,1239.8323442394594,0.0,0.0,1239.8323442394594,0.0,hold,,,2917.52001953125
2019-05-03,139.05999755859375,1239.8323442394594,0.0,0.0,1239.8323442394594,0.0,hold,,,2945.639892578125
2019-05-06,136.75999450683594,1239.8323442394594,0.0,0.0,1239.8323442394594,0.0,hold,,,2932.469970703125
2019-05-07,133.6699981689453,1239.8323442394594,0.0,0.0,1239.8323442394594,0.0,hold,,,2884.050048828125
2019-05-08,131.9499969482422,1239.8323442394594,0.0,0.0,1239.8323442394594,0.0,hold,,,2879.419921875
2019-05-09,131.1999969482422,1239.8323442394594,0.0,0.0,1239.8323442394594,0.0,hold,,,2870.719970703125
2019-05-10,131.33999633789062,1239.8323442394594,0.0,0.0,1239.8323442394594,0.0,hold,,,2881.39990234375
2019-05-13,125.30000305175781,1239.8323442394594,0.0,0.0,1239.8323442394594,0.0,hold,,,2811.8701171875
2019-05-14,127.47000122070312,1239.8323442394594,0.0,0.0,1239.8323442394594,0.0,hold,,,2834.409912109375
2019-05-15,127.30000305175781,1239.7703526222474,-0.061991617212015626,9.738965615878106,0.0,1239.7703526222474,buy,127.30000305175781,,2850.9599609375
2019-05-16,126.61000061035156,1233.0504425705199,-6.719910051727538,9.738965615878106,0.0,1233.0504425705199,hold,,,2876.320068359375
2019-05-17,122.76000213623047,1195.5554398098714,-37.495002760648504,9.738965615878106,0.0,1195.5554398098714,hold,,,2859.530029296875
2019-05-20,122.43000030517578,1192.341563324053,-3.213876485818446,9.738965615878106,0.0,1192.341563324053,hold,,,2840.22998046875
2019-05-21,124.94999694824219,1216.883723983005,24.54216065895207,9.738965615878106,0.0,1216.883723983005,hold,,,2864.360107421875
2019-05-22,123.55999755859375,1203.3465677211273,-13.537156261877726,9.738965615878106,0.0,1203.3465677211273,hold,,,2856.27001953125
2019-05-23,122.26000213623047,1190.6859570019324,-12.660610719194892,9.738965615878106,0.0,1190.6859570019324,hold,,,2822.239990234375
2019-05-24,122.9000015258789,1196.9188890519015,6.232932049969122,9.738965615878106,0.0,1196.9188890519015,hold,,,2826.06005859375
2019-05-28,121.58999633789062,1184.1607935694617,-12.758095482439785,9.738965615878106,0.0,1184.1607935694617,hold,,,2802.389892578125
2019-05-29,121.4800033569336,1182.9712667523622,-1.1895268170994768,0.0,1182.9712667523622,0.0,sell,,121.4800033569336,2783.02001953125
2019-05-30,121.83999633789062,1182.9121181890246,-0.059148563337657833,9.708734026128287,0.0,1182.9121181890246,buy,121.83999633789062,,2788.860107421875
2019-05-31,119.80999755859375,1163.203399967466,-19.708718221558456,9.708734026128287,0.0,1163.203399967466,hold,,,2752.06005859375
2019-06-03,120.6500015258789,1171.3587750667302,8.15537509926412,9.708734026128287,0.0,1171.3587750667302,hold,,,2744.449951171875
2019-06-04,122.08000183105469,1185.1237434601956,13.764968393465324,0.0,1185.1237434601956,0.0,sell,,122.08000183105469,2803.27001953125
2019-06-05,123.12000274658203,1185.1237434601956,0.0,0.0,1185.1237434601956,0.0,hold,,,2826.14990234375
2019-06-06,123.38999938964844,1185.1237434601956,0.0,0.0,1185.1237434601956,0.0,hold,,,2843.489990234375
2019-06-07,124.45999908447266,1185.1237434601956,0.0,0.0,1185.1237434601956,0.0,hold,,,2873.340087890625
2019-06-10,125.73999786376953,1185.1237434601956,0.0,0.0,1185.1237434601956,0.0,hold,,,2886.72998046875
2019-06-11,127.27999877929688,1185.1237434601956,0.0,0.0,1185.1237434601956,0.0,hold,,,2885.719970703125
2019-06-12,127.0999984741211,1185.1237434601956,0.0,0.0,1185.1237434601956,0.0,hold,,,2879.840087890625
2019-06-13,127.16999816894531,1185.1237434601956,0.0,0.0,1185.1237434601956,0.0,hold,,,2891.639892578125
2019-06-14,127.2300033569336,1185.1237434601956,0.0,0.0,1185.1237434601956,0.0,hold,,,2886.97998046875
2019-06-17,127.31999969482422,1185.1237434601956,0.0,0.0,1185.1237434601956,0.0,hold,,,2889.669921875
2019-06-18,130.3300018310547,1185.1237434601956,0.0,0.0,1185.1237434601956,0.0,hold,,,2917.75
2019-06-19,130.61000061035156,1185.1237434601956,0.0,0.0,1185.1237434601956,0.0,hold,,,2926.4599609375
2019-06-20,133.6300048828125,1185.1237434601956,0.0,0.0,1185.1237434601956,0.0,hold,,,2954.179931640625
2019-06-21,133.88999938964844,1185.1237434601956,0.0,0.0,1185.1237434601956,0.0,hold,,,2950.4599609375
2019-06-24,134.3699951171875,1185.1237434601956,0.0,0.0,1185.1237434601956,0.0,hold,,,2945.35009765625
2019-06-25,133.7100067138672,1185.1237434601956,0.0,0.0,1185.1237434601956,0.0,hold,,,2917.3798828125
2019-06-26,135.14999389648438,1185.1237434601956,0.0,0.0,1185.1237434601956,0.0,hold,,,2913.780029296875
2019-06-27,135.5,1185.1237434601956,0.0,0.0,1185.1237434601956,0.0,hold,,,2924.919921875
2019-06-28,136.2899932861328,1185.1237434601956,0.0,0.0,1185.1237434601956,0.0,hold,,,2941.760009765625
2019-07-01,136.60000610351562,1185.1237434601956,0.0,0.0,1185.1237434601956,0.0,hold,,,2964.330078125
2019-07-02,135.85000610351562,1185.1237434601956,0.0,0.0,1185.1237434601956,0.0,hold,,,2973.010009765625
2019-07-03,135.58999633789062,1185.1237434601956,0.0,0.0,1185.1237434601956,0.0,hold,,,2995.820068359375
2019-07-05,135.49000549316406,1185.1237434601956,0.0,0.0,1185.1237434601956,0.0,hold,,,2990.409912109375
2019-07-08,134.83999633789062,1185.1237434601956,0.0,0.0,1185.1237434601956,0.0,hold,,,2975.949951171875
2019-07-09,134.2899932861328,1185.1237434601956,0.0,0.0,1185.1237434601956,0.0,hold,,,2979.6298828125
2019-07-10,132.63999938964844,1185.1237434601956,0.0,0.0,1185.1237434601956,0.0,hold,,,2993.070068359375
2019-07-11,133.9600067138672,1185.1237434601956,0.0,0.0,1185.1237434601956,0.0,hold,,,2999.909912109375
2019-07-12,138.36000061035156,1185.1237434601956,0.0,0.0,1185.1237434601956,0.0,hold,,,3013.77001953125
2019-07-15,139.63999938964844,1185.1237434601956,0.0,0.0,1185.1237434601956,0.0,hold,,,3014.300048828125
2019-07-16,139.08999633789062,1185.1237434601956,0.0,0.0,1185.1237434601956,0.0,hold,,,3004.0400390625
2019-07-17,135.72999572753906,1185.1237434601956,0.0,0.0,1185.1237434601956,0.0,hold,,,2984.419921875
2019-07-18,134.88999938964844,1185.0644872730225,-0.05925618717310499,8.78541398647204,0.0,1185.0644872730225,buy,134.88999938964844,,2995.110107421875
2019-07-19,136.22999572753906,1196.836909841748,11.77242256872546,8.78541398647204,0.0,1196.836909841748,hold,,,2976.610107421875
2019-07-22,135.24000549316406,1188.139435790199,-8.697474051548852,8.78541398647204,0.0,1188.139435790199,hold,,,2985.030029296875
2019-07-23,138.10000610351562,1213.144398581185,25.004962790985928,0.0,1213.144398581185,0.0,sell,,138.10000610351562,3005.469970703125
2019-07-24,131.91000366210938,1213.144398581185,0.0,0.0,1213.144398581185,0.0,hold,,,3019.56005859375
2019-07-25,134.7100067138672,1213.144398581185,0.0,0.0,1213.144398581185,0.0,hold,,,3003.669921875
2019-07-26,132.9199981689453,1213.144398581185,0.0,0.0,1213.144398581185,0.0,hold,,,3025.860107421875
2019-07-29,134.4600067138672,1213.144398581185,0.0,0.0,1213.144398581185,0.0,hold,,,3020.969970703125
2019-07-30,132.9499969482422,1213.144398581185,0.0,0.0,1213.144398581185,0.0,hold,,,3013.179931640625
2019-07-31,131.6699981689453,1213.144398581185,0.0,0.0,1213.144398581185,0.0,hold,,,2980.3798828125
2019-08-01,126.79000091552734,1213.144398581185,0.0,0.0,1213.144398581185,0.0,hold,,,2953.56005859375
2019-08-02,124.54000091552734,1213.144398581185,0.0,0.0,1213.144398581185,0.0,hold,,,2932.050048828125
2019-08-05,121.6500015258789,1213.144398581185,0.0,0.0,1213.144398581185,0.0,hold,,,2844.739990234375
2019-08-06,122.08000183105469,1213.144398581185,0.0,0.0,1213.144398581185,0.0,hold,,,2881.77001953125
2019-08-07,120.77999877929688,1213.144398581185,0.0,0.0,1213.144398581185,0.0,hold,,,2883.97998046875
2019-08-08,122.0199966430664,1213.083741361256,-0.06065721992899853,9.941679845392683,0.0,1213.083741361256,buy,122.0199966430664,,2938.090087890625
2019-08-09,119.37999725341797,1186.8377126373393,-26.246028723916652,9.941679845392683,0.0,1186.8377126373393,hold,,,2918.64990234375
2019-08-12,116.72000122070312,1160.3928836900736,-26.444828947265705,9.941679845392683,0.0,1160.3928836900736,hold,,,2882.699951171875
2019-08-13,119.01000213623047,1183.1593396379026,22.766455947828945,9.941679845392683,0.0,1183.1593396379026,hold,,,2926.320068359375
2019-08-14,115.20999908447266,1145.3809258858112,-37.77841375209141,9.941679845392683,0.0,1145.3809258858112,hold,,,2840.60009765625
2019-08-15,115.25,1145.7786021815066,0.39767629569541896,9.941679845392683,0.0,1145.7786021815066,hold,,,2847.60009765625
2019-08-16,116.43000030517578,1157.50978743303,11.731185251523357,9.941679845392683,0.0,1157.50978743303,hold,,,2888.679931640625
2019-08-19,117.36000061035156,1166.755552723205,9.245765290175086,9.941679845392683,0.0,1166.755552723205,hold,,,2923.64990234375
2019-08-20,116.66999816894531,1159.895769358205,-6.859783365000112,9.941679845392683,0.0,1159.895769358205,hold,,,2900.510009765625
2019-08-21,117.68000030517578,1169.9368872397708,10.041117881565924,9.941679845392683,0.0,1169.9368872397708,hold,,,2924.429931640625
2019-08-22,117.88999938964844,1172.0246309054235,2.0877436656526243,9.941679845392683,0.0,1172.0246309054235,hold,,,2922.949951171875
2019-08-23,114.05999755859375,1133.9479788938102,-38.076652011613305,9.941679845392683,0.0,1133.9479788938102,hold,,,2847.110107421875
2019-08-26,114.41999816894531,1137.5269897060712,3.5790108122610036,9.941679845392683,0.0,1137.5269897060712,hold,,,2878.3798828125
2019-08-27,113.37999725341797,1127.1876335649831,-10.339356141088047,9.941679845392683,0.0,1127.1876335649831,hold,,,2869.159912109375
2019-08-28,114.86000061035156,1141.9013531097235,14.713719544740343,9.941679845392683,0.0,1141.9013531097235,hold,,,2887.93994140625
2019-08-29,117.7699966430664,1170.8316020183372,28.93024890861375,9.941679845392683,0.0,1170.8316020183372,hold,,,2924.580078125
2019-08-30,119.0,1182.941595611569,12.10999359323182,0.0,1182.941595611569,0.0,sell,,119.0,2926.4599609375
2019-09-03,117.02999877929688,1182.941595611569,0.0,0.0,1182.941595611569,0.0,hold,,,2906.27001953125
2019-09-04,119.0999984741211,1182.941595611569,0.0,0.0,1182.941595611569,0.0,hold,,,2937.780029296875
2019-09-05,122.98999786376953,1182.941595611569,0.0,0.0,1182.941595611569,0.0,hold,,,2976.0
2019-09-06,122.69999694824219,1182.8824485317884,-0.059147079780586864,9.640443993089557,0.0,1182.8824485317884,buy,122.69999694824219,,2978.7099609375
2019-09-09,127.25,1226.746498120646,43.8640495888576,9.640443993089557,0.0,1226.746498120646,hold,,,2978.429931640625
2019-09-10,130.2899932861328,1255.9277777966643,29.18127967601822,0.0,1255.9277777966643,0.0,sell,,130.2899932861328,2979.389892578125
2019-09-11,133.08999633789062,1255.9277777966643,0.0,0.0,1255.9277777966643,0.0,hold,,,3000.929931640625
2019-09-12,131.75,1255.9277777966643,0.0,0.0,1255.9277777966643,0.0,hold,,,3009.570068359375
2019-09-13,133.77999877929688,1255.9277777966643,0.0,0.0,1255.9277777966643,0.0,hold,,,3007.389892578125
2019-09-16,133.14999389648438,1255.9277777966643,0.0,0.0,1255.9277777966643,0.0,hold,,,2997.9599609375
2019-09-17,132.1699981689453,1255.9277777966643,0.0,0.0,1255.9277777966643,0.0,hold,,,3005.699951171875
2019-09-18,131.07000732421875,1255.9277777966643,0.0,0.0,1255.9277777966643,0.0,hold,,,3006.72998046875
2019-09-19,130.1199951171875,1255.9277777966643,0.0,0.0,1255.9277777966643,0.0,hold,,,3006.7900390625
2019-09-20,128.16000366210938,1255.9277777966643,0.0,0.0,1255.9277777966643,0.0,hold,,,2992.070068359375
2019-09-23,128.4199981689453,1255.9277777966643,0.0,0.0,1255.9277777966643,0.0,hold,,,2991.780029296875
2019-09-24,125.98999786376953,1255.9277777966643,0.0,0.0,1255.9277777966643,0.0,hold,,,2966.60009765625
2019-09-25,126.61000061035156,1255.9277777966643,0.0,0.0,1255.9277777966643,0.0,hold,,,2984.8701171875
2019-09-26,126.38999938964844,1255.9277777966643,0.0,0.0,1255.9277777966643,0.0,hold,,,2977.6201171875
2019-09-27,126.58999633789062,1255.9277777966643,0.0,0.0,1255.9277777966643,0.0,hold,,,2961.7900390625
2019-09-30,126.30999755859375,1255.9277777966643,0.0,0.0,1255.9277777966643,0.0,hold,,,2976.739990234375
2019-10-01,122.37000274658203,1255.9277777966643,0.0,0.0,1255.9277777966643,0.0,hold,,,2940.25
2019-10-02,119.95999908447266,1255.9277777966643,0.0,0.0,1255.9277777966643,0.0,hold,,,2887.610107421875
2019-10-03,120.04000091552734,1255.9277777966643,0.0,0.0,1255.9277777966643,0.0,hold,,,2910.6298828125
2019-10-04,121.04000091552734,1255.9277777966643,0.0,0.0,1255.9277777966643,0.0,hold,,,2952.010009765625
2019-10-07,120.25,1255.9277777966643,0.0,0.0,1255.9277777966643,0.0,hold,,,2938.7900390625
2019-10-08,117.97000122070312,1255.9277777966643,0.0,0.0,1255.9277777966643,0.0,hold,,,2893.06005859375
2019-10-09,119.44000244140625,1255.9277777966643,0.0,0.0,1255.9277777966643,0.0,hold,,,2919.39990234375
2019-10-10,122.69000244140625,1255.8649814077744,-0.06279638888986483,10.236082455109127,0.0,1255.8649814077744,buy,122.69000244140625,,2938.1298828125
2019-10-11,128.39999389648438,1314.3129247599227,58.447943352148286,10.236082455109127,0.0,1314.3129247599227,hold,,,2970.27001953125
2019-10-14,128.3800048828125,1314.1083155677811,-0.20460919214156092,10.236082455109127,0.0,1314.1083155677811,hold,,,2966.14990234375
2019-10-15,131.02999877929688,1341.233871597731,27.12555602994985,10.236082455109127,0.0,1341.233871597731,hold,,,2995.679931640625
2019-10-16,130.19000244140625,1332.635599821093,-8.598271776638057,10.236082455109127,0.0,1332.635599821093,hold,,,2989.68994140625
2019-10-17,132.07000732421875,1351.8794848175694,19.24388499647648,10.236082455109127,0.0,1351.8794848175694,hold,,,2997.949951171875
2019-10-18,130.7100067138672,1337.958406431012,-13.921078386557383,10.236082455109127,0.0,1337.958406431012,hold,,,2986.199951171875
2019-10-21,132.22999572753906,1353.5171393058174,15.5587328748054,10.236082455109127,0.0,1353.5171393058174,hold,,,3006.719970703125
2019-10-22,133.69000244140625,1368.461888413975,14.944749108157566,10.236082455109127,0.0,1368.461888413975,hold,,,2995.989990234375
2019-10-23,135.33999633789062,1385.3513619888158,16.88947357484085,10.236082455109127,0.0,1385.3513619888158,hold,,,3004.52001953125
2019-10-24,133.85000610351562,1369.9626891225366,-15.388672866279194,0.0,1369.9626891225366,0.0,sell,,133.85000610351562,3010.2900390625
2019-10-25,139.72999572753906,1369.9626891225366,0.0,0.0,1369.9626891225366,0.0,hold,,,3022.550048828125
2019-10-28,140.05999755859375,1369.9626891225366,0.0,0.0,1369.9626891225366,0.0,hold,,,3039.419921875
2019-10-29,141.3300018310547,1369.8941909880805,-0.06849813445614927,9.692876057736463,0.0,1369.8941909880805,buy,141.3300018310547,,3036.889892578125
2019-10-30,140.33999633789062,1360.1621606273184,-9.73203036076211,0.0,1360.1621606273184,0.0,sell,,140.33999633789062,3046.77001953125
2019-10-31,137.8000030517578,1360.094152519287,-0.06800810803133572,9.870058943383581,0.0,1360.094152519287,buy,137.8000030517578,,3037.56005859375
2019-11-01,144.49000549316406,1425.982258460252,65.88810594096503,0.0,1425.982258460252,0.0,sell,,144.49000549316406,3066.909912109375
2019-11-04,146.9199981689453,1425.9109593473288,-0.07129911292327051,9.705356500941788,-2.2737367544323206e-13,1425.910959347329,buy,146.9199981689453,,3078.27001953125
2019-11-05,146.3699951171875,1420.5729836534133,-5.337975693915496,9.705356500941788,-2.2737367544323206e-13,1420.5729836534135,hold,,,3074.6201171875
2019-11-06,145.49000549316406,1412.032370635136,-8.540613018277327,9.705356500941788,-2.2737367544323206e-13,1412.0323706351362,hold,,,3076.780029296875
2019-11-07,147.00999450683594,1426.7844058903365,14.752035255200553,9.705356500941788,-2.2737367544323206e-13,1426.7844058903368,hold,,,3085.179931640625
2019-11-08,148.16000366210938,1437.945654721612,11.161248831275543,9.705356500941788,-2.2737367544323206e-13,1437.9456547216123,hold,,,3093.080078125
2019-11-11,148.0,1436.3927621393843,-1.5528925822277415,9.705356500941788,-2.2737367544323206e-13,1436.3927621393846,hold,,,3087.010009765625
2019-11-12,146.33999633789062,1420.281834805744,-16.110927333640348,9.705356500941788,-2.2737367544323206e-13,1420.2818348057442,hold,,,3091.840087890625
2019-11-13,144.49000549316406,1402.3270141341943,-17.95482067154967,9.705356500941788,-2.2737367544323206e-13,1402.3270141341945,hold,,,3094.0400390625
2019-11-14,143.44000244140625,1392.1363601898079,-10.19065394438644,9.705356500941788,-2.2737367544323206e-13,1392.136360189808,hold,,,3096.6298828125
2019-11-15,145.30999755859375,1410.285329457133,18.14896926732513,9.705356500941788,-2.2737367544323206e-13,1410.2853294571332,hold,,,3120.4599609375
2019-11-18,143.58999633789062,1393.592104428154,-16.693225028978986,9.705356500941788,-2.2737367544323206e-13,1393.5921044281542,hold,,,3122.030029296875
2019-11-19,143.17999267578125,1389.6128727206908,-3.9792317074632138,9.705356500941788,-2.2737367544323206e-13,1389.612872720691,hold,,,3120.179931640625
2019-11-20,141.52000427246094,1373.5020934790382,-16.110779241652608,9.705356500941788,-2.2737367544323206e-13,1373.5020934790384,hold,,,3108.4599609375
2019-11-21,143.36000061035156,1391.2207779073042,17.718684428265988,0.0,1391.2207779073042,0.0,sell,,143.36000061035156,3103.5400390625
2019-11-22,143.8800048828125,1391.2207779073042,0.0,0.0,1391.2207779073042,0.0,hold,,,3110.2900390625
2019-11-25,146.4199981689453,1391.2207779073042,0.0,0.0,1391.2207779073042,0.0,hold,,,3133.639892578125
2019-11-26,146.08999633789062,1391.2207779073042,0.0,0.0,1391.2207779073042,0.0,hold,,,3140.52001953125
2019-11-27,145.69000244140625,1391.2207779073042,0.0,0.0,1391.2207779073042,0.0,hold,,,3153.6298828125
2019-11-29,144.72999572753906,1391.2207779073042,0.0,0.0,1391.2207779073042,0.0,hold,,,3140.97998046875
2019-12-02,142.9600067138672,1391.2207779073042,0.0,0.0,1391.2207779073042,0.0,hold,,,3113.8701171875
2019-12-03,140.05999755859375,1391.2207779073042,0.0,0.0,1391.2207779073042,0.0,hold,,,3093.199951171875
2019-12-04,140.1199951171875,1391.2207779073042,0.0,0.0,1391.2207779073042,0.0,hold,,,3112.760009765625
2019-12-05,141.0500030517578,1391.2207779073042,0.0,0.0,1391.2207779073042,0.0,hold,,,3117.429931640625
2019-12-06,142.72000122070312,1391.2207779073042,0.0,0.0,1391.2207779073042,0.0,hold,,,3145.909912109375
2019-12-09,142.8300018310547,1391.2207779073042,0.0,0.0,1391.2207779073042,0.0,hold,,,3135.9599609375
2019-12-10,142.8699951171875,1391.2207779073042,0.0,0.0,1391.2207779073042,0.0,hold,,,3132.52001953125
2019-12-11,144.0,1391.2207779073042,0.0,0.0,1391.2207779073042,0.0,hold,,,3141.6298828125
2019-12-12,146.77999877929688,1391.2207779073042,0.0,0.0,1391.2207779073042,0.0,hold,,,3168.570068359375
2019-12-13,145.52999877929688,1391.2207779073042,0.0,0.0,1391.2207779073042,0.0,hold,,,3168.800048828125
2019-12-16,145.36000061035156,1391.2207779073042,0.0,0.0,1391.2207779073042,0.0,hold,,,3191.449951171875
2019-12-17,146.3699951171875,1391.2207779073042,0.0,0.0,1391.2207779073042,0.0,hold,,,3192.52001953125
2019-12-18,147.1199951171875,1391.151216868409,-0.06956103889524456,9.45589493637691,0.0,1391.151216868409,buy,147.1199951171875,,3191.139892578125
2019-12-19,145.02000427246094,1371.293924073321,-19.857292795087915,9.45589493637691,0.0,1371.293924073321,hold,,,3205.3701171875
2019-12-20,147.57000732421875,1395.4064850181835,24.11256094486248,9.45589493637691,0.0,1395.4064850181835,hold,,,3221.219970703125
2019-12-23,148.5,1404.200398051971,8.793913033787476,9.45589493637691,0.0,1404.200398051971,hold,,,3224.010009765625
2019-12-24,147.47999572753906,1394.5553448169248,-9.645053235046134,9.45589493637691,0.0,1394.5553448169248,hold,,,3223.3798828125
2019-12-26,148.22000122070312,1401.552759012626,6.99741419570114,9.45589493637691,0.0,1401.552759012626,hold,,,3239.909912109375
2019-12-27,148.27999877929688,1402.1200896231276,0.5673306105015854,9.45589493637691,0.0,1402.1200896231276,hold,,,3240.02001953125
2019-12-30,147.52000427246094,1394.9336614142633,-7.1864282088642994,9.45589493637691,0.0,1394.9336614142633,hold,,,3221.2900390625
2019-12-31,147.67999267578125,1396.446494947099,1.512833532835657,9.45589493637691,0.0,1396.446494947099,hold,,,3230.780029296875
2020-01-02,150.52999877929688,1423.3958532299757,26.9493582828768,9.45589493637691,0.0,1423.3958532299757,hold,,,3257.85009765625
2020-01-03,148.44000244140625,1403.6330674414694,-19.762785788506335,9.45589493637691,0.0,1403.6330674414694,hold,,,3234.85009765625
2020-01-06,148.33999633789062,1402.6874202336292,-0.9456472078402385,9.45589493637691,0.0,1402.6874202336292,hold,,,3246.280029296875
2020-01-07,146.3800048828125,1384.153946958214,-18.53347327541519,9.45589493637691,0.0,1384.153946958214,hold,,,3237.179931640625
2020-01-08,147.67999267578125,1396.3068502976043,12.152903339390377,0.0,1396.3068502976043,0.0,sell,,147.67999267578125,3253.050048828125
2020-01-09,147.30999755859375,1396.3068502976043,0.0,0.0,1396.3068502976043,0.0,hold,,,3274.699951171875
2020-01-10,146.1300048828125,1396.3068502976043,0.0,0.0,1396.3068502976043,0.0,hold,,,3265.35009765625
2020-01-13,146.82000732421875,1396.3068502976043,0.0,0.0,1396.3068502976043,0.0,hold,,,3288.1298828125
2020-01-14,146.67999267578125,1396.3068502976043,0.0,0.0,1396.3068502976043,0.0,hold,,,3283.14990234375
2020-01-15,145.57000732421875,1396.3068502976043,0.0,0.0,1396.3068502976043,0.0,hold,,,3289.2900390625
2020-01-16,147.8699951171875,1396.3068502976043,0.0,0.0,1396.3068502976043,0.0,hold,,,3316.81005859375
2020-01-17,147.77999877929688,1396.3068502976043,0.0,0.0,1396.3068502976043,0.0,hold,,,3329.6201171875
2020-01-21,145.85000610351562,1396.3068502976043,0.0,0.0,1396.3068502976043,0.0,hold,,,3320.7900390625
2020-01-22,142.6300048828125,1396.3068502976043,0.0,0.0,1396.3068502976043,0.0,hold,,,3321.75
2020-01-23,142.75,1396.3068502976043,0.0,0.0,1396.3068502976043,0.0,hold,,,3325.5400390625
2020-01-24,140.3800048828125,1396.3068502976043,0.0,0.0,1396.3068502976043,0.0,hold,,,3295.469970703125
2020-01-27,135.72999572753906,1396.3068502976043,0.0,0.0,1396.3068502976043,0.0,hold,,,3243.6298828125
2020-01-28,136.74000549316406,1396.3068502976043,0.0,0.0,1396.3068502976043,0.0,hold,,,3276.239990234375
2020-01-29,135.77999877929688,1396.3068502976043,0.0,0.0,1396.3068502976043,0.0,hold,,,3273.39990234375
2020-01-30,135.3699951171875,1396.3068502976043,0.0,0.0,1396.3068502976043,0.0,hold,,,3283.659912109375
2020-01-31,131.35000610351562,1396.2370349550895,-0.06981534251485755,10.62989699334105,0.0,1396.2370349550895,buy,131.35000610351562,,3225.52001953125
2020-02-03,129.77000427246094,1379.4417782416879,-16.795256713401614,10.62989699334105,0.0,1379.4417782416879,hold,,,3248.919921875
2020-02-04,133.50999450683594,1419.1974891891955,39.75571094750762,10.62989699334105,0.0,1419.1974891891955,hold,,,3297.590087890625
2020-02-05,137.44000244140625,1460.973068716691,41.77557952749544,10.62989699334105,0.0,1460.973068716691,hold,,,3334.68994140625
2020-02-06,137.25,1458.9533623360592,-2.01970638063176,10.62989699334105,0.0,1458.9533623360592,hold,,,3345.780029296875
2020-02-07,133.3699951171875,1417.709310098102,-41.24405223795725,10.62989699334105,0.0,1417.709310098102,hold,,,3327.7099609375
2020-02-10,134.32000732421875,1427.8078420012607,10.0985319031588,10.62989699334105,0.0,1427.8078420012607,hold,,,3352.090087890625
2020-02-11,136.19000244140625,1447.5409289052673,19.73308690400654,0.0,1447.5409289052673,0.0,sell,,136.19000244140625,3357.75
2020-02-12,139.58999633789062,1447.5409289052673,0.0,0.0,1447.5409289052673,0.0,hold,,,3379.449951171875
2020-02-13,139.72000122070312,1447.5409289052673,0.0,0.0,1447.5409289052673,0.0,hold,,,3373.93994140625
2020-02-14,137.99000549316406,1447.5409289052673,0.0,0.0,1447.5409289052673,0.0,hold,,,3380.159912109375
2020-02-18,136.5800018310547,1447.5409289052673,0.0,0.0,1447.5409289052673,0.0,hold,,,3370.2900390625
2020-02-19,136.86000061035156,1447.5409289052673,0.0,0.0,1447.5409289052673,0.0,hold,,,3386.14990234375
2020-02-20,136.92999267578125,1447.5409289052673,0.0,0.0,1447.5409289052673,0.0,hold,,,3373.22998046875
2020-02-21,137.2100067138672,1447.5409289052673,0.0,0.0,1447.5409289052673,0.0,hold,,,3337.75
2020-02-24,132.1699981689453,1447.5409289052673,0.0,0.0,1447.5409289052673,0.0,hold,,,3225.889892578125
2020-02-25,129.0,1447.5409289052673,0.0,0.0,1447.5409289052673,0.0,hold,,,3128.2099609375
2020-02-26,128.25,1447.5409289052673,0.0,0.0,1447.5409289052673,0.0,hold,,,3116.389892578125
2020-02-27,123.2699966430664,1447.5409289052673,0.0,0.0,1447.5409289052673,0.0,hold,,,2978.760009765625
2020-02-28,124.23999786376953,1447.5409289052673,0.0,0.0,1447.5409289052673,0.0,hold,,,2954.219970703125
2020-03-02,127.5999984741211,1447.5409289052673,0.0,0.0,1447.5409289052673,0.0,hold,,,3090.22998046875
2020-03-03,124.37999725341797,1447.468551858822,-0.0723770464453537,11.637470524377628,0.0,1447.468551858822,buy,124.37999725341797,,3003.3701171875
2020-03-04,127.4000015258789,1482.6137625630806,35.145210704258716,11.637470524377628,0.0,1482.6137625630806,hold,,,3130.1201171875
2020-03-05,121.97000122070312,1419.422294064236,-63.19146849884464,11.637470524377628,0.0,1419.422294064236,hold,,,3023.93994140625
2020-03-06,121.41000366210938,1412.9053389823778,-6.516955081858214,11.637470524377628,0.0,1412.9053389823778,hold,,,2972.3701171875
2020-03-09,104.06999969482422,1211.1115539205057,-201.7937850618721,11.637470524377628,0.0,1211.1115539205057,hold,,,2746.56005859375
2020-03-10,106.48999786376953,1239.2742112806545,28.16265736014884,11.637470524377628,0.0,1239.2742112806545,hold,,,2882.22998046875
2020-03-11,100.69000244140625,1171.7769355113767,-67.49727576927785,11.637470524377628,0.0,1171.7769355113767,hold,,,2741.3798828125
2020-03-12,92.26000213623047,1073.6730554393991,-98.10388007197753,11.637470524377628,0.0,1073.6730554393991,hold,,,2480.639892578125
2020-03-13,99.63999938964844,1159.5575559460385,85.88450050663937,11.637470524377628,0.0,1159.5575559460385,hold,,,2711.02001953125
2020-03-16,93.41000366210938,1087.056164299804,-72.50139164623442,11.637470524377628,0.0,1087.056164299804,hold,,,2386.1298828125
2020-03-17,100.19999694824219,1166.0745110278967,79.01834672809264,11.637470524377628,0.0,1166.0745110278967,hold,,,2529.18994140625
2020-03-18,100.12000274658203,1165.1435808639555,-0.9309301639411842,11.637470524377628,0.0,1165.1435808639555,hold,,,2398.10009765625
2020-03-19,103.01000213623047,1198.7758635764585,33.632282712502956,11.637470524377628,0.0,1198.7758635764585,hold,,,2409.389892578125
2020-03-20,95.5,1111.3784350780634,-87.39742849839513,11.637470524377628,0.0,1111.3784350780634,hold,,,2304.919921875
2020-03-23,91.8499984741211,1068.9016499067143,-42.47678517134909,11.637470524377628,0.0,1068.9016499067143,hold,,,2237.39990234375
2020-03-24,101.33999633789062,1179.341220322739,110.43957041602471,11.637470524377628,0.0,1179.341220322739,hold,,,2447.330078125
2020-03-25,104.66999816894531,1218.0940184777614,38.75279815502245,11.637470524377628,0.0,1218.0940184777614,hold,,,2475.56005859375
2020-03-26,110.5,1285.9404929437278,67.84647446596637,11.637470524377628,0.0,1285.9404929437278,hold,,,2630.070068359375
2020-03-27,105.44000244140625,1227.0549205021703,-58.88557244155754,11.637470524377628,0.0,1227.0549205021703,hold,,,2541.469970703125
2020-03-30,111.70999908447266,1300.0218216238025,72.96690112163219,11.637470524377628,0.0,1300.0218216238025,hold,,,2626.64990234375
2020-03-31,116.04000091552734,1350.4120903032024,50.390268679399924,11.637470524377628,0.0,1350.4120903032024,hold,,,2584.590087890625
2020-04-01,111.3499984741211,1295.832325132078,-54.579765171124336,11.637470524377628,0.0,1295.832325132078,hold,,,2470.5
2020-04-02,116.73999786376953,1358.5582841555251,62.7259590234471,11.637470524377628,0.0,1358.5582841555251,hold,,,2526.89990234375
2020-04-03,114.66999816894531,1334.4687237215376,-24.08956043398757,11.637470524377628,0.0,1334.4687237215376,hold,,,2488.64990234375
2020-04-06,120.43000030517578,1401.500578802272,67.03185508073443,11.637470524377628,0.0,1401.500578802272,hold,,,2663.679931640625
2020-04-07,121.91999816894531,1418.8403850232755,17.339806221003528,11.637470524377628,0.0,1418.8403850232755,hold,,,2659.409912109375
2020-04-08,127.4000015258789,1482.6137625630806,63.7733775398051,11.637470524377628,0.0,1482.6137625630806,hold,,,2749.97998046875
2020-04-09,125.02999877929688,1455.0329254570381,-27.58083710604251,11.637470524377628,0.0,1455.0329254570381,hold,,,2789.820068359375
2020-04-13,114.13999938964844,1328.3008785495142,-126.73204690752391,11.637470524377628,0.0,1328.3008785495142,hold,,,2761.6298828125
2020-04-14,116.4800033569336,1355.5326057457219,27.231727196207657,11.637470524377628,0.0,1355.5326057457219,hold,,,2846.06005859375
2020-04-15,111.52999877929688,1297.9270733779401,-57.605532367781734,11.637470524377628,0.0,1297.9270733779401,hold,,,2783.360107421875
2020-04-16,113.22000122070312,1317.5944269759316,19.66735359799145,11.637470524377628,0.0,1317.5944269759316,hold,,,2799.550048828125
2020-04-17,116.30000305175781,1353.3025137141099,35.70808673817828,0.0,1353.3025137141099,0.0,sell,,116.30000305175781,2874.56005859375
2020-04-20,114.5999984741211,1353.3025137141099,0.0,0.0,1353.3025137141099,0.0,hold,,,2823.159912109375
2020-04-21,109.8499984741211,1353.3025137141099,0.0,0.0,1353.3025137141099,0.0,hold,,,2736.56005859375
2020-04-22,110.63999938964844,1353.3025137141099,0.0,0.0,1353.3025137141099,0.0,hold,,,2799.31005859375
2020-04-23,112.91000366210938,1353.3025137141099,0.0,0.0,1353.3025137141099,0.0,hold,,,2797.800048828125
2020-04-24,114.04000091552734,1353.3025137141099,0.0,0.0,1353.3025137141099,0.0,hold,,,2836.739990234375
2020-04-27,115.19999694824219,1353.3025137141099,0.0,0.0,1353.3025137141099,0.0,hold,,,2878.47998046875
2020-04-28,115.45999908447266,1353.3025137141099,0.0,0.0,1353.3025137141099,0.0,hold,,,2863.389892578125
2020-04-29,120.05999755859375,1353.2348485884243,-0.06766512568560756,11.271321640065795,0.0,1353.2348485884243,buy,120.05999755859375,,2939.510009765625
2020-04-30,116.37999725341797,1311.7563815132478,-41.47846707517647,11.271321640065795,0.0,1311.7563815132478,hold,,,2912.429931640625
2020-05-01,110.87999725341797,1249.7641124928857,-61.99226902036207,11.271321640065795,0.0,1249.7641124928857,hold,,,2830.7099609375
2020-05-04,107.72000122070312,1214.1467808268249,-35.61733166606086,11.271321640065795,0.0,1214.1467808268249,hold,,,2842.739990234375
2020-05-05,108.91000366210938,1227.4369251282687,13.290144301443888,0.0,1227.4369251282687,0.0,sell,,108.91000366210938,2868.43994140625
2020-05-06,107.66999816894531,1227.3755532820123,-0.06137184625640657,11.399420211339965,0.0,1227.3755532820123,buy,107.66999816894531,,2848.419921875
2020-05-07,107.29000091552734,1223.0438049111458,-4.331748370866535,11.399420211339965,0.0,1223.0438049111458,hold,,,2881.18994140625
2020-05-08,112.11000061035156,1277.9890068509774,54.94520193983158,11.399420211339965,0.0,1277.9890068509774,hold,,,2929.800048828125
2020-05-11,108.61000061035156,1237.9672270076765,-40.02177984330092,0.0,1237.9672270076765,0.0,sell,,108.61000061035156,2930.18994140625
2020-05-12,105.0,1237.905328646326,-0.061898361350358755,11.789574558536438,0.0,1237.905328646326,buy,105.0,,2870.1201171875
2020-05-13,104.4800033569336,1231.774789452706,-6.130539193620052,11.789574558536438,0.0,1231.774789452706,hold,,,2820.0
2020-05-14,106.19000244140625,1251.80975765901,20.03496820630403,0.0,1251.80975765901,0.0,sell,,106.19000244140625,2852.5
2020-05-15,107.91999816894531,1251.747167171127,-0.0625904878829715,11.598843480441474,0.0,1251.747167171127,buy,107.91999816894531,,2863.699951171875
2020-05-18,115.0199966430664,1334.098938183831,82.35177101270392,11.598843480441474,0.0,1334.098938183831,hold,,,2953.909912109375
2020-05-19,112.08000183105469,1299.9983985259971,-34.100539657833906,11.598843480441474,0.0,1299.9983985259971,hold,,,2922.93994140625
2020-05-20,115.69000244140625,1341.736043546706,41.7376450207089,0.0,1341.736043546706,0.0,sell,,115.69000244140625,2971.610107421875
2020-05-21,114.05999755859375,1341.6689567445287,-0.06708680217730034,11.762835222360057,0.0,1341.6689567445287,buy,114.05999755859375,,2948.510009765625
2020-05-22,112.47000122070312,1322.9660918177653,-18.702864926763368,11.762835222360057,0.0,1322.9660918177653,hold,,,2955.449951171875
2020-05-26,117.41000366210938,1380.93641908143,57.97032726366456,0.0,1380.93641908143,0.0,sell,,117.41000366210938,2991.77001953125
2020-05-27,122.41999816894531,1380.8673722604758,-0.06904682095409953,11.279753250402882,0.0,1380.8673722604758,buy,122.41999816894531,,3036.1298828125
2020-05-28,120.73999786376953,1361.7811916191556,-19.086180641320198,0.0,1361.7811916191556,0.0,sell,,120.73999786376953,3029.72998046875
2020-05-29,120.12999725341797,1361.7811916191556,0.0,0.0,1361.7811916191556,0.0,hold,,,3044.31005859375
2020-06-01,120.5,1361.7811916191556,0.0,0.0,1361.7811916191556,0.0,hold,,,3055.72998046875
2020-06-02,123.31999969482422,1361.7811916191556,0.0,0.0,1361.7811916191556,0.0,hold,,,3080.820068359375
2020-06-03,127.08999633789062,1361.7131025595747,-0.06808905958087053,10.714557729148297,0.0,1361.7131025595747,buy,127.08999633789062,,3122.8701171875
2020-06-04,128.9600067138672,1381.6112617434133,19.898159183838516,0.0,1381.6112617434133,0.0,sell,,128.9600067138672,3112.35009765625
2020-06-05,135.1199951171875,1381.542181180326,-0.06908056308725463,10.224557660634428,0.0,1381.542181180326,buy,135.1199951171875,,3193.929931640625
2020-06-08,137.72000122070312,1407.9852808943724,26.44309971404641,0.0,1407.9852808943724,0.0,sell,,137.72000122070312,3232.389892578125
2020-06-09,134.19000244140625,1407.9852808943724,0.0,0.0,1407.9852808943724,0.0,hold,,,3207.179931640625
2020-06-10,132.44000244140625,1407.9852808943724,0.0,0.0,1407.9852808943724,0.0,hold,,,3190.139892578125
2020-06-11,121.55000305175781,1407.9852808943724,0.0,0.0,1407.9852808943724,0.0,hold,,,3002.10009765625
2020-06-12,123.1500015258789,1407.9148816303277,-0.07039926404468133,11.43252021263245,0.0,1407.9148816303277,buy,123.1500015258789,,3041.31005859375
2020-06-15,123.61000061035156,1413.1738304613539,5.258948831026146,11.43252021263245,0.0,1413.1738304613539,hold,,,3066.590087890625
2020-06-16,130.11000061035156,1487.4852118434646,74.31138138211077,11.43252021263245,0.0,1487.4852118434646,hold,,,3124.739990234375
2020-06-17,128.22999572753906,1465.992018020863,-21.493193822601597,11.43252021263245,0.0,1465.992018020863,hold,,,3113.489990234375
2020-06-18,127.58999633789062,1458.675212062635,-7.3168059582280875,11.43252021263245,0.0,1458.675212062635,hold,,,3115.340087890625
2020-06-19,127.45999908447266,1457.1890158353474,-1.4861962272875644,11.43252021263245,0.0,1457.1890158353474,hold,,,3097.739990234375
2020-06-22,125.79000091552734,1438.096728013821,-19.092287821526497,11.43252021263245,0.0,1438.096728013821,hold,,,3117.860107421875
2020-06-23,126.25,1443.2113412771623,5.114613263341425,0.0,1443.2113412771623,0.0,sell,,126.25,3131.2900390625
2020-06-24,122.05999755859375,1443.1391807100986,-0.0721605670637473,11.823195228373924,0.0,1443.1391807100986,buy,122.05999755859375,,3050.330078125
2020-06-25,124.70999908447266,1474.323219039443,31.184038329344503,0.0,1474.323219039443,0.0,sell,,124.70999908447266,3083.760009765625
2020-06-26,122.38999938964844,1474.323219039443,0.0,0.0,1474.323219039443,0.0,hold,,,3009.050048828125
2020-06-29,125.25,1474.323219039443,0.0,0.0,1474.323219039443,0.0,hold,,,3053.239990234375
2020-06-30,126.5,1474.323219039443,0.0,0.0,1474.323219039443,0.0,hold,,,3100.2900390625
2020-07-01,126.05999755859375,1474.323219039443,0.0,0.0,1474.323219039443,0.0,hold,,,3115.860107421875
2020-07-02,127.72000122070312,1474.323219039443,0.0,0.0,1474.323219039443,0.0,hold,,,3130.010009765625
2020-07-06,129.42999267578125,1474.323219039443,0.0,0.0,1474.323219039443,0.0,hold,,,3179.719970703125
2020-07-07,127.19999694824219,1474.323219039443,0.0,0.0,1474.323219039443,0.0,hold,,,3145.320068359375
2020-07-08,128.1300048828125,1474.249502878491,-0.07371616095201716,11.50588813468662,0.0,1474.249502878491,buy,128.1300048828125,,3169.93994140625
2020-07-09,125.7300033569336,1446.635353798651,-27.61414907983999,11.50588813468662,0.0,1446.635353798651,hold,,,3152.050048828125
2020-07-10,128.00999450683594,1472.868676917503,26.233323118852013,11.50588813468662,0.0,1472.868676917503,hold,,,3185.0400390625
2020-07-13,130.57000732421875,1502.3238980176736,29.455221100170547,11.50588813468662,0.0,1502.3238980176736,hold,,,3155.219970703125
2020-07-14,136.8800048828125,1574.9260240569988,72.60212603932519,11.50588813468662,0.0,1574.9260240569988,hold,,,3197.52001953125
2020-07-15,138.36000061035156,1591.9546893378774,17.028665280878613,11.50588813468662,0.0,1591.9546893378774,hold,,,3226.56005859375
2020-07-16,138.55999755859375,1594.2558318516308,2.301142513753348,11.50588813468662,0.0,1594.2558318516308,hold,,,3215.570068359375
2020-07-17,136.89999389648438,1575.1560154122303,-19.099816439400456,11.50588813468662,0.0,1575.1560154122303,hold,,,3224.72998046875
2020-07-20,134.6300048828125,1549.037775753954,-26.118239658276252,11.50588813468662,0.0,1549.037775753954,hold,,,3251.840087890625
2020-07-21,135.8699951171875,1563.3049646787765,14.267188924822449,11.50588813468662,0.0,1563.3049646787765,hold,,,3257.300048828125
2020-07-22,136.97999572753906,1576.0765075309155,12.771542852138964,11.50588813468662,0.0,1576.0765075309155,hold,,,3276.02001953125
2020-07-23,136.60000610351562,1571.7043894245603,-4.372118106355174,11.50588813468662,0.0,1571.7043894245603,hold,,,3235.659912109375
2020-07-24,137.5800018310547,1582.9801106380955,11.275721213535235,11.50588813468662,0.0,1582.9801106380955,hold,,,3215.6298828125
2020-07-27,139.88999938964844,1609.5586841386744,26.57857350057884,11.50588813468662,0.0,1609.5586841386744,hold,,,3239.409912109375
2020-07-28,138.02999877929688,1588.1577251855206,-21.400958953153804,11.50588813468662,0.0,1588.1577251855206,hold,,,3218.43994140625
2020-07-29,140.52999877929688,1616.922445522237,28.764720336716437,11.50588813468662,0.0,1616.922445522237,hold,,,3258.43994140625
2020-07-30,136.72999572753906,1573.200035497244,-43.722410024992996,11.50588813468662,0.0,1573.200035497244,hold,,,3246.219970703125
2020-07-31,132.8800048828125,1528.9024715182525,-44.29756397899155,11.50588813468662,0.0,1528.9024715182525,hold,,,3271.1201171875
2020-08-03,131.77999877929688,1516.2459243437293,-12.656547174523212,11.50588813468662,0.0,1516.2459243437293,hold,,,3294.610107421875
2020-08-04,131.52000427246094,1513.1031311867787,-3.1427931569505745,0.0,1513.1031311867787,0.0,sell,,131.52000427246094,3306.510009765625
2020-08-05,134.97000122070312,1513.1031311867787,0.0,0.0,1513.1031311867787,0.0,hold,,,3327.77001953125
2020-08-06,134.38999938964844,1513.1031311867787,0.0,0.0,1513.1031311867787,0.0,hold,,,3349.159912109375
2020-08-07,134.9199981689453,1513.1031311867787,0.0,0.0,1513.1031311867787,0.0,hold,,,3351.280029296875
2020-08-10,142.02000427246094,1513.1031311867787,0.0,0.0,1513.1031311867787,0.0,hold,,,3360.469970703125
2020-08-11,142.52999877929688,1513.1031311867787,0.0,0.0,1513.1031311867787,0.0,hold,,,3333.68994140625
2020-08-12,142.57000732421875,1513.1031311867787,0.0,0.0,1513.1031311867787,0.0,hold,,,3380.35009765625
2020-08-13,140.6699981689453,1513.1031311867787,0.0,0.0,1513.1031311867787,0.0,hold,,,3373.429931640625
2020-08-14,139.9600067138672,1513.1031311867787,0.0,0.0,1513.1031311867787,0.0,hold,,,3372.85009765625
2020-08-17,138.72000122070312,1513.0274760302193,-0.07565515655937816,10.907060717387083,0.0,1513.0274760302193,buy,138.72000122070312,,3381.989990234375
2020-08-18,138.3699951171875,1509.2099382077183,-3.817537822500981,10.907060717387083,0.0,1509.2099382077183,hold,,,3389.780029296875
2020-08-19,138.02000427246094,1505.392566813756,-3.8173713939622758,10.907060717387083,0.0,1505.392566813756,hold,,,3374.85009765625
2020-08-20,137.47999572753906,1499.3527105603025,-6.039856253453536,0.0,1499.3527105603025,0.0,sell,,137.47999572753906,3385.510009765625
2020-08-21,138.42999267578125,1499.3527105603025,0.0,0.0,1499.3527105603025,0.0,hold,,,3397.159912109375
2020-08-24,141.67999267578125,1499.3527105603025,0.0,0.0,1499.3527105603025,0.0,hold,,,3431.280029296875
2020-08-25,141.14999389648438,1499.3527105603025,0.0,0.0,1499.3527105603025,0.0,hold,,,3443.6201171875
2020-08-26,141.8300018310547,1499.3527105603025,0.0,0.0,1499.3527105603025,0.0,hold,,,3478.72998046875
2020-08-27,143.3699951171875,1499.3527105603025,0.0,0.0,1499.3527105603025,0.0,hold,,,3484.550048828125
2020-08-28,143.6300048828125,1499.3527105603025,0.0,0.0,1499.3527105603025,0.0,hold,,,3508.010009765625
2020-08-31,142.30999755859375,1499.3527105603025,0.0,0.0,1499.3527105603025,0.0,hold,,,3500.31005859375
2020-09-01,146.0500030517578,1499.3527105603025,0.0,0.0,1499.3527105603025,0.0,hold,,,3526.64990234375
2020-09-02,149.27000427246094,1499.3527105603025,0.0,0.0,1499.3527105603025,0.0,hold,,,3580.840087890625
2020-09-03,146.75999450683594,1499.3527105603025,0.0,0.0,1499.3527105603025,0.0,hold,,,3455.06005859375
2020-09-04,148.17999267578125,1499.3527105603025,0.0,0.0,1499.3527105603025,0.0,hold,,,3426.9599609375
2020-09-08,148.52000427246094,1499.3527105603025,0.0,0.0,1499.3527105603025,0.0,hold,,,3331.840087890625
2020-09-09,152.69000244140625,1499.3527105603025,0.0,0.0,1499.3527105603025,0.0,hold,,,3398.9599609375
2020-09-10,149.86000061035156,1499.3527105603025,0.0,0.0,1499.3527105603025,0.0,hold,,,3339.18994140625
2020-09-11,153.8300018310547,1499.3527105603025,0.0,0.0,1499.3527105603025,0.0,hold,,,3340.969970703125
2020-09-14,153.50999450683594,1499.3527105603025,0.0,0.0,1499.3527105603025,0.0,hold,,,3383.5400390625
2020-09-15,148.60000610351562,1499.3527105603025,0.0,0.0,1499.3527105603025,0.0,hold,,,3401.199951171875
2020-09-16,151.11000061035156,1499.3527105603025,0.0,0.0,1499.3527105603025,0.0,hold,,,3385.489990234375
2020-09-17,153.8699951171875,1499.3527105603025,0.0,0.0,1499.3527105603025,0.0,hold,,,3357.010009765625
2020-09-18,152.38999938964844,1499.3527105603025,0.0,0.0,1499.3527105603025,0.0,hold,,,3319.469970703125
2020-09-21,145.3300018310547,1499.3527105603025,0.0,0.0,1499.3527105603025,0.0,hold,,,3281.06005859375
2020-09-22,147.14999389648438,1499.3527105603025,0.0,0.0,1499.3527105603025,0.0,hold,,,3315.570068359375
2020-09-23,144.3800048828125,1499.3527105603025,0.0,0.0,1499.3527105603025,0.0,hold,,,3236.919921875
2020-09-24,145.13999938964844,1499.3527105603025,0.0,0.0,1499.3527105603025,0.0,hold,,,3246.590087890625
2020-09-25,145.91000366210938,1499.3527105603025,0.0,0.0,1499.3527105603025,0.0,hold,,,3298.4599609375
2020-09-28,147.67999267578125,1499.3527105603025,0.0,0.0,1499.3527105603025,0.0,hold,,,3351.60009765625
2020-09-29,147.41000366210938,1499.3527105603025,0.0,0.0,1499.3527105603025,0.0,hold,,,3335.469970703125
2020-09-30,149.14999389648438,1499.3527105603025,0.0,0.0,1499.3527105603025,0.0,hold,,,3363.0
2020-10-01,146.7100067138672,1499.3527105603025,0.0,0.0,1499.3527105603025,0.0,hold,,,3380.800048828125
2020-10-02,149.94000244140625,1499.3527105603025,0.0,0.0,1499.3527105603025,0.0,hold,,,3348.419921875
2020-10-05,153.49000549316406,1499.3527105603025,0.0,0.0,1499.3527105603025,0.0,hold,,,3408.60009765625
2020-10-06,151.52999877929688,1499.2777429247744,-0.07496763552808261,9.894263545190608,0.0,1499.2777429247744,buy,151.52999877929688,,3360.969970703125
2020-10-07,154.77000427246094,1531.335211162005,32.05746823723052,9.894263545190608,0.0,1531.335211162005,hold,,,3419.43994140625
2020-10-08,156.66000366210938,1550.035363223436,18.700152061431027,9.894263545190608,0.0,1550.035363223436,hold,,,3446.830078125
2020-10-09,158.94000244140625,1572.594272028512,22.558908805076044,9.894263545190608,0.0,1572.594272028512,hold,,,3477.139892578125
2020-10-12,162.61000061035156,1608.906201122424,36.311929093911886,9.894263545190608,0.0,1608.906201122424,hold,,,3534.219970703125
2020-10-13,162.1199951171875,1604.0579576344676,-4.848243487956324,9.894263545190608,0.0,1604.0579576344676,hold,,,3511.929931640625
2020-10-14,163.61000061035156,1618.8004646676145,14.742507033146921,9.894263545190608,0.0,1618.8004646676145,hold,,,3488.669921875
2020-10-15,165.0399932861328,1632.9491890694865,14.14872440187196,9.894263545190608,0.0,1632.9491890694865,hold,,,3483.340087890625
2020-10-16,168.75,1669.6569732509151,36.70778418142868,9.894263545190608,0.0,1669.6569732509151,hold,,,3483.81005859375
2020-10-19,167.52999877929688,1657.585959647824,-12.07101360309116,9.894263545190608,0.0,1657.585959647824,hold,,,3426.919921875
2020-10-20,168.99000549316406,1672.0316508525736,14.445691204749664,9.894263545190608,0.0,1672.0316508525736,hold,,,3443.1201171875
2020-10-21,167.39999389648438,1656.2996570751156,-15.731993777458001,9.894263545190608,0.0,1656.2996570751156,hold,,,3435.56005859375
2020-10-22,169.66000366210938,1678.6607893109137,22.361132235798095,9.894263545190608,0.0,1678.6607893109137,hold,,,3453.489990234375
2020-10-23,168.58999633789062,1668.0738548498093,-10.58693446110442,9.894263545190608,0.0,1668.0738548498093,hold,,,3465.389892578125
2020-10-26,163.1999969482422,1614.743780380211,-53.33007446959823,9.894263545190608,0.0,1614.743780380211,hold,,,3400.969970703125
2020-10-27,157.91000366210938,1562.4031926549242,-52.34058772528692,9.894263545190608,0.0,1562.4031926549242,hold,,,3390.679931640625
2020-10-28,151.16000366210938,1495.467352033515,-66.93584062140917,0.0,1495.467352033515,0.0,sell,,151.16000366210938,3271.030029296875
2020-10-29,154.6699981689453,1495.467352033515,0.0,0.0,1495.467352033515,0.0,hold,,,3310.110107421875
2020-10-30,157.0500030517578,1495.467352033515,0.0,0.0,1495.467352033515,0.0,hold,,,3269.9599609375
2020-11-02,163.27000427246094,1495.467352033515,0.0,0.0,1495.467352033515,0.0,hold,,,3310.239990234375
2020-11-03,167.69000244140625,1495.467352033515,0.0,0.0,1495.467352033515,0.0,hold,,,3369.159912109375
2020-11-04,155.22999572753906,1495.467352033515,0.0,0.0,1495.467352033515,0.0,hold,,,3443.43994140625
2020-11-05,163.08999633789062,1495.467352033515,0.0,0.0,1495.467352033515,0.0,hold,,,3510.449951171875
2020-11-06,161.2899932861328,1495.467352033515,0.0,0.0,1495.467352033515,0.0,hold,,,3509.43994140625
2020-11-09,170.82000732421875,1495.467352033515,0.0,0.0,1495.467352033515,0.0,hold,,,3550.5
2020-11-10,172.3000030517578,1495.467352033515,0.0,0.0,1495.467352033515,0.0,hold,,,3545.530029296875
2020-11-11,169.4600067138672,1495.3925786659133,-0.07477336760166509,8.824457213617842,0.0,1495.3925786659133,buy,169.4600067138672,,3572.659912109375
2020-11-12,169.1300048828125,1492.4804916273556,-2.912087038557729,8.824457213617842,0.0,1492.4804916273556,hold,,,3537.010009765625
2020-11-13,171.7100067138672,1515.2476073965533,22.767115769197744,8.824457213617842,0.0,1515.2476073965533,hold,,,3585.14990234375
2020-11-16,173.19000244140625,1528.3077663705592,13.060158974005844,8.824457213617842,0.0,1528.3077663705592,hold,,,3626.909912109375
2020-11-17,171.91000366210938,1517.0124719091707,-11.295294461388494,8.824457213617842,0.0,1517.0124719091707,hold,,,3609.530029296875
2020-11-18,172.74000549316406,1524.1843538757819,7.171881966611181,0.0,1524.1843538757819,0.0,sell,,172.74000549316406,3567.7900390625
2020-11-19,172.89999389648438,1524.1081446580881,-0.07620921769375855,8.814969337538411,0.0,1524.1081446580881,buy,172.89999389648438,,3581.8701171875
2020-11-20,172.22999572753906,1518.2021313426283,-5.906013315459859,8.814969337538411,0.0,1518.2021313426283,hold,,,3557.5400390625
2020-11-23,174.77999877929688,1540.680330054503,22.47819871187471,8.814969337538411,0.0,1540.680330054503,hold,,,3577.590087890625
2020-11-24,176.89999389648438,1559.212085206041,18.531755151537936,0.0,1559.212085206041,0.0,sell,,176.89999389648438,3635.409912109375
2020-11-25,174.6300048828125,1559.212085206041,0.0,0.0,1559.212085206041,0.0,hold,,,3629.64990234375
2020-11-27,175.0800018310547,1559.1341246017805,-0.0779606042603973,8.905266782589388,0.0,1559.1341246017805,buy,175.0800018310547,,3638.35009765625
2020-11-30,173.58999633789062,1545.7106416548131,-13.423482946967397,0.0,1545.7106416548131,0.0,sell,,173.58999633789062,3621.6298828125
2020-12-01,173.25999450683594,1545.6333561227304,-0.0772855320826693,8.920890021508963,0.0,1545.6333561227304,buy,173.25999450683594,,3662.449951171875
2020-12-02,173.8699951171875,1550.9199969702822,5.28664084755178,0.0,1550.9199969702822,0.0,sell,,173.8699951171875,3669.010009765625
2020-12-03,174.6300048828125,1550.9199969702822,0.0,0.0,1550.9199969702822,0.0,hold,,,3666.719970703125
2020-12-04,182.2100067138672,1550.9199969702822,0.0,0.0,1550.9199969702822,0.0,hold,,,3699.1201171875
2020-12-07,178.7100067138672,1550.9199969702822,0.0,0.0,1550.9199969702822,0.0,hold,,,3691.9599609375
2020-12-08,178.83999633789062,1550.9199969702822,0.0,0.0,1550.9199969702822,0.0,hold,,,3702.25
2020-12-09,180.07000732421875,1550.9199969702822,0.0,0.0,1550.9199969702822,0.0,hold,,,3672.820068359375
2020-12-10,178.85000610351562,1550.9199969702822,0.0,0.0,1550.9199969702822,0.0,hold,,,3668.10009765625
2020-12-11,179.2899932861328,1550.9199969702822,0.0,0.0,1550.9199969702822,0.0,hold,,,3663.4599609375
2020-12-14,178.0500030517578,1550.9199969702822,0.0,0.0,1550.9199969702822,0.0,hold,,,3647.489990234375
2020-12-15,181.74000549316406,1550.9199969702822,0.0,0.0,1550.9199969702822,0.0,hold,,,3694.6201171875
2020-12-16,179.5,1550.9199969702822,0.0,0.0,1550.9199969702822,0.0,hold,,,3701.169921875
2020-12-17,179.1699981689453,1550.9199969702822,0.0,0.0,1550.9199969702822,0.0,hold,,,3722.47998046875
2020-12-18,180.9600067138672,1550.9199969702822,0.0,0.0,1550.9199969702822,0.0,hold,,,3709.409912109375
2020-12-21,180.16000366210938,1550.9199969702822,0.0,0.0,1550.9199969702822,0.0,hold,,,3694.919921875
2020-12-22,176.5800018310547,1550.9199969702822,0.0,0.0,1550.9199969702822,0.0,hold,,,3687.260009765625
2020-12-23,178.4199981689453,1550.9199969702822,0.0,0.0,1550.9199969702822,0.0,hold,,,3690.010009765625
2020-12-24,179.55999755859375,1550.9199969702822,0.0,0.0,1550.9199969702822,0.0,hold,,,3703.06005859375
2020-12-28,178.3699951171875,1550.9199969702822,0.0,0.0,1550.9199969702822,0.0,hold,,,3735.360107421875
2020-12-29,176.64999389648438,1550.8424509704337,-0.07754599984855304,8.779182024083262,0.0,1550.8424509704337,buy,176.64999389648438,,3727.0400390625
2020-12-30,180.0399932861328,1580.445812286421,29.603361315987286,0.0,1580.445812286421,0.0,sell,,180.0399932861328,3732.0400390625
2020-12-31,182.02000427246094,1580.3667899958066,-0.07902229061437538,8.682379699487301,0.0,1580.3667899958066,buy,182.02000427246094,,3756.070068359375
