Date,stock_price,portfolio_value,stock_owned,cash_in_hand,stock_value,sell_buy,marker_buy,marker_sell
2018-01-02,139.22999572753906,1000.0,0.0,1000.0,0.0,hold,,
2018-01-03,140.55999755859378,999.9809094338386,1.358179175655021,809.0752478196359,190.90566161420267,buy,140.55999755859378,
2018-01-04,140.55000305175778,999.9673237599088,1.358986210443648,808.9618077347574,191.00551602515148,buy,140.55000305175778,
2018-01-05,141.7100067138672,1001.5430890576628,1.2653184261679513,822.2348063902225,179.30828266744024,sell,,141.7100067138672
2018-01-08,141.88999938964844,1001.7707339953075,1.2507844072876786,824.296935208677,177.4737987866305,sell,,141.88999938964844
2018-01-09,144.13999938964844,1004.5836895250054,1.0691017785991832,850.4833598102471,154.10032971475832,sell,,144.13999938964844
2018-01-10,143.97000122070312,1004.4017465528357,1.0828287626908342,848.5068882664239,155.89485828641185,buy,143.97000122070312,
2018-01-11,144.7899932861328,1005.2891782004817,1.0166161787126242,858.0933285101069,147.19584969037484,sell,,144.7899932861328
2018-01-12,145.75999450683594,1006.2747262986079,0.9382906802200051,869.5094819039247,136.7652443946833,sell,,145.75999450683594
2018-01-16,146.86000061035156,1007.3061995456127,0.8494675689044016,882.5533918578384,124.75280768777426,sell,,146.86000061035156
2018-01-17,146.97999572753906,1007.4080602990892,0.8397782229842203,883.9774606727882,123.43059962630105,sell,,146.97999572753906
2018-01-18,146.9199981689453,1007.3576044780157,0.8446228959443101,883.2656101524284,124.09199432558732,buy,146.9199981689453,
2018-01-19,147.36000061035156,1007.728978834824,0.8090936514180687,888.5009378680259,119.22804096679818,sell,,147.36000061035156
2018-01-22,148.13999938964844,1008.3596043786123,0.7461104387085253,897.830804443721,110.52879993489127,sell,,148.13999938964844
2018-01-23,141.8300018310547,1003.644422828934,1.25562908024777,825.5585480782672,178.08587475066673,buy,141.8300018310547,
2018-01-24,142.07000732421875,1003.945643040273,1.2362491562932245,828.3117163511354,175.63392668913767,sell,,142.07000732421875
2018-01-25,144.39999389648438,1006.8247285937681,1.0481077850673959,855.4779708271784,151.34675776658972,sell,,144.39999389648438
2018-01-26,145.3300018310547,1007.7989314641503,0.9730116578434433,866.3911454481251,141.40778601602517,sell,,145.3300018310547
2018-01-29,143.67999267578125,1006.1915390049234,1.1062463248168495,847.2460751576285,158.94546384729486,buy,143.67999267578125,
2018-01-30,142.42999267578125,1004.8072934847094,1.207181118532679,832.8684956137585,171.9387978709509,buy,142.42999267578125,
2018-01-31,138.19000244140622,999.6841261194568,1.549551150263703,785.5516488814319,214.13247723802493,buy,138.19000244140622,
2018-02-01,140.02000427246094,1002.5187730331511,1.4017824644100223,806.241186377399,196.27758665575215,sell,,140.02000427246094
2018-02-02,137.67999267578122,999.2359843349664,1.5907333346528372,780.2238304708427,219.01215386412366,buy,137.67999267578122,
2018-02-05,130.38999938964844,987.631873582687,2.1793845094733193,703.4619287226517,284.16994486003534,buy,130.38999938964844,
2018-02-06,131.83000183105472,990.7694261567115,2.063107429974412,718.7899698855222,271.97945627118935,sell,,131.83000183105472
2018-02-07,131.41999816894528,989.9231094641173,2.096214338020612,714.4386249997316,275.48448446438573,buy,131.41999816894528,
2018-02-08,126.36000061035156,979.3111071659177,2.504798185844024,662.8048068738594,316.5063002920583,buy,126.36000061035156,
2018-02-09,129.52999877929688,987.2496550357644,2.248827696834379,695.9590062099583,291.2906488258061,sell,,129.52999877929688
2018-02-12,130.27000427246094,988.9134106779422,2.1890738553935023,703.7427501830982,285.17066049484407,sell,,130.27000427246094
2018-02-13,129.96000671386722,988.2344778160865,2.214105487096756,700.4893138477819,287.7451639683046,buy,129.96000671386722,
2018-02-14,129.66999816894528,987.5920646499461,2.2375230492227747,697.452454954256,290.13960969569007,buy,129.66999816894528,
2018-02-15,131.22999572753906,991.0817686153575,2.1115566238036845,713.9822018951431,277.09956672021434,sell,,131.22999572753906
2018-02-16,133.14999389648438,995.1349213165907,1.956520928509871,734.6241716271575,260.5107496894333,sell,,133.14999389648438
2018-02-20,130.8699951171875,990.6716466063301,2.1406258936784113,710.5279463529114,280.1437002534188,buy,130.8699951171875,
2018-02-21,129.91000366210938,988.615657013496,2.2181431252682273,700.4566754868179,288.15898152667813,buy,129.91000366210938,
2018-02-22,129.91000366210938,988.615657013496,2.2181431252682273,700.4566754868179,288.15898152667813,hold,,
2018-02-23,132.02000427246094,993.2948156965697,2.047765144191338,722.9488526114326,270.34596308513704,sell,,132.02000427246094
2018-02-26,132.07000732421878,993.3971835405174,2.0437275060198665,723.4820768517662,269.91510668875117,sell,,132.07000732421878
2018-02-27,131.66999816894528,992.5792485348,2.0760273792774466,719.2287273066582,273.3505212281417,buy,131.66999816894528,
2018-02-28,129.8800048828125,988.8612962033797,2.220565461748274,700.4542431889091,288.4070530144706,buy,129.8800048828125,
2018-03-01,127.27999877929688,983.0851402713778,2.4305103255228744,673.7297890057579,309.3553512656199,buy,127.27999877929688,
2018-03-02,128.82000732421878,986.8273459876343,2.306157969681026,689.7480594425191,297.0792865451153,sell,,128.82000732421878
2018-03-05,129.78999328613278,989.0637785588807,2.2278337033025934,699.9132571646168,289.15052139426393,sell,,129.78999328613278
2018-03-06,128.22000122070312,985.5644718322767,2.3546071635103,683.6567384527096,301.907733379567,buy,128.22000122070312,
2018-03-07,129.03999328613278,987.4948038199893,2.288394579532092,692.2003826411456,295.2944211788438,sell,,129.03999328613278
2018-03-08,132.05999755859378,994.4041550275826,2.0445357729226696,724.4027658469572,270.0013891806254,sell,,132.05999755859378
2018-03-09,133.80000305175778,997.9607185472017,1.9040340965091325,743.200950623629,254.7597679235728,sell,,133.80000305175778
2018-03-12,132.6300048828125,995.7317491211053,1.9985089155734457,730.6695018902549,265.0622472308504,buy,132.6300048828125,
2018-03-13,134.35000610351562,999.1682539262131,1.8596225408513298,749.3279542126018,249.8402997136114,sell,,134.35000610351562
2018-03-14,132.32000732421878,995.391053475151,2.023540547276701,727.6361534386442,267.75490003650674,buy,132.32000732421878,
2018-03-15,133.05999755859378,996.888056184895,1.9637879379500056,735.5864379556714,261.30161822922366,sell,,133.05999755859378
2018-03-16,133.67999267578122,998.1052604947814,1.913724674543495,742.2785600183452,255.82670047643623,sell,,133.67999267578122
2018-03-19,130.24000549316406,991.5184544468992,2.191496191873547,706.0979783790403,285.4204760678589,buy,130.24000549316406,
2018-03-20,131.21000671386722,993.6436945737237,2.1131706933809262,716.374553707665,277.26914086605876,sell,,131.21000671386722
2018-03-21,131.19000244140622,993.6014009402735,2.1147859950723547,716.1626210836796,277.4387798565939,buy,131.19000244140622,
2018-03-22,127.37999725341795,985.5401364861489,2.4224356652370265,676.9702881016747,308.56984838447414,buy,127.37999725341795,
2018-03-23,125.0999984741211,980.014682973397,2.6065406304055667,653.936454086926,326.07822888647104,buy,125.0999984741211,
2018-03-26,127.38999938964844,985.9824856024829,2.421628014391313,677.491294327218,308.49119127526495,sell,,127.38999938964844
2018-03-27,127.20999908447266,985.5464069257807,2.4361626493286774,675.6421585350531,309.90424839072756,buy,127.20999908447266,
2018-03-28,127.4499969482422,986.1309572627781,2.4167833414312216,678.1119277728063,308.0190294899718,sell,,127.4499969482422
2018-03-29,128.14999389648438,987.8223360537119,2.360260103373193,685.3550182123216,302.46731784139024,sell,,128.14999389648438
2018-04-02,124.55999755859376,979.3454001257205,2.6501445352176543,649.2434032890889,330.1019968366316,buy,124.55999755859376,
2018-04-03,128.35000610351562,989.3875065798668,2.3441095506873157,688.5210314418405,300.86647513802626,sell,,128.35000610351562
2018-04-04,130.41000366210938,994.2152819091225,2.177769207781896,710.2123915470564,284.0028903620661,sell,,130.41000366210938
2018-04-05,130.71000671386722,994.8684609976201,2.1535446108672573,713.3786304525484,281.48983054507175,sell,,130.71000671386722
2018-04-06,128.10000610351562,989.245008516888,2.3642965094304813,686.3786112283226,302.86639728856534,buy,128.10000610351562,
2018-04-09,129.47999572753906,992.5069917626174,2.2528653350058487,700.8059978113392,291.7009939512782,sell,,129.47999572753906
2018-04-10,130.25,994.2413027734923,2.1906891570849254,708.9040400631808,285.3372627103115,sell,,130.25
2018-04-11,129.6300048828125,992.8824372227161,2.2407524204914395,702.4136900132369,290.46874720947926,buy,129.6300048828125,
2018-04-12,130.42999267578122,994.6745905350216,2.1761551382046562,710.8386917976246,283.835898737397,sell,,130.42999267578122
2018-04-13,130.6199951171875,995.0879651236946,2.1608128524215786,712.842600891232,282.2453642324626,sell,,130.6199951171875
2018-04-16,131.75999450683594,997.5506840148698,2.0687603698373067,724.9708290491463,272.5798549657234,sell,,131.75999450683594
2018-04-17,130.53999328613278,995.0255078567754,2.167272827073095,712.1097275614355,282.91578029533986,buy,130.53999328613278,
2018-04-18,127.72000122070312,988.910907390961,2.394981080996633,683.0239208025101,305.88698658845084,buy,127.72000122070312,
2018-04-19,127.5500030517578,988.5035899048466,2.408708065088284,681.2728688520424,307.23072105280426,buy,127.5500030517578,
2018-04-20,126.66000366210938,986.3589309483255,2.4805735889293885,672.1694710903973,314.18945985792817,buy,126.66000366210938,
2018-04-23,126.83000183105469,986.7805368667067,2.4668466048377358,673.9103774582056,312.8701594085011,sell,,126.83000183105469
2018-04-24,126.19000244140624,985.2011044134285,2.5185251699356748,667.3884070705027,317.81269734292584,buy,126.19000244140624,
2018-04-25,126.76000213623048,986.6363712773768,2.472498928643539,673.2224018006942,313.41396947668255,sell,,126.76000213623048
2018-04-26,128.00999450683594,989.726330045335,2.371564750984799,686.1423392991651,303.5839907461699,sell,,128.00999450683594
2018-04-27,128.27000427246094,990.3428253875188,2.3505695253388303,688.8352623295906,301.5075630579282,sell,,128.27000427246094
2018-04-30,126.48999786376952,986.156978506557,2.494301189078131,670.6528264284665,315.50415207809056,buy,126.48999786376952,
2018-05-01,126.01000213623048,984.9592361952781,2.5330598048730373,665.7683647720271,319.190871423251,buy,126.01000213623048,
2018-05-02,123.5,978.5987476099544,2.7357370431504116,640.7352227808786,337.8635248290758,buy,123.5,
2018-05-03,123.02999877929688,977.3124809418546,2.773688624156698,636.0655728977064,341.24690804414814,buy,123.02999877929688,
2018-05-04,124.19000244140624,980.5293882733095,2.6800208398810046,647.6975936254679,332.83179464784155,sell,,124.19000244140624
2018-05-07,123.58999633789062,978.920760628263,2.728470033710275,641.7091591539659,337.2116014742972,buy,123.58999633789062,
2018-05-08,122.61000061035156,976.2459014085132,2.8076025669915143,632.005748956059,344.2401524524542,buy,122.61000061035156,
2018-05-09,123.51000213623048,978.7722992096692,2.7349293923046982,640.9811641236763,337.79113508599283,sell,,123.51000213623048
2018-05-10,125.3499984741211,983.8036280775814,2.5863536716623994,659.6041992811621,324.1994287964192,sell,,125.3499984741211
2018-05-11,127.23999786376952,988.6908640122658,2.4337403128486326,679.021751804436,309.66911220782976,sell,,127.23999786376952
2018-05-14,126.05999755859376,985.8178485695935,2.5290227827586573,667.009242749409,318.80860582018437,buy,126.05999755859376,
2018-05-15,125.12999725341795,983.4649169397206,2.604118293925522,657.6116019732447,325.853314966476,buy,125.12999725341795,
2018-05-16,125.3499984741211,984.0377148034709,2.5863536716623994,659.8382860070517,324.1994287964192,sell,,125.3499984741211
2018-05-17,123.8499984741211,980.1566842030916,2.7074754241213963,644.8358570569363,335.3208271461553,buy,123.8499984741211,
2018-05-18,124.23999786376952,981.2124023401318,2.6759838177666264,648.7481785373243,332.46422380280745,sell,,124.23999786376952
2018-05-21,123.72000122070312,979.8203802549901,2.717972420887291,643.5528290249771,336.26755123001305,buy,123.72000122070312,
2018-05-22,122.91000366210938,977.6180253301172,2.783377970076879,635.5130288349335,342.10499649518374,buy,122.91000366210938,
2018-05-23,123.4499969482422,979.1207616054356,2.7397746813218795,640.8955855573784,338.2251760480573,sell,,123.4499969482422
2018-05-24,122.25,975.8318557812515,2.836671836866241,629.0487237243536,346.78313205689795,buy,122.25,
2018-05-25,121.47000122070312,973.6184901541376,2.8996550495757845,621.3973877425491,352.2211024115885,buy,121.47000122070312,
2018-05-29,119.4000015258789,967.6142093393494,3.0668030433269173,601.4379212865454,366.176288052804,buy,119.4000015258789,
2018-05-30,120.97000122070312,972.4283223884506,2.9400289670621174,616.7730146540437,355.6553077344069,sell,,120.97000122070312
2018-05-31,119.62000274658205,968.4579837979263,3.049038421063795,603.7319994958409,364.72598430208535,buy,119.62000274658205,
2018-06-01,121.26000213623048,973.4576020462077,2.9166120209931936,619.7892221500175,353.6683798961902,sell,,121.26000213623048
2018-06-04,121.9499969482422,975.4697094835594,2.8608964337808764,626.5833981147446,348.88631136881486,sell,,121.9499969482422
2018-06-05,121.4800033569336,974.1246454659498,2.898847398730073,621.9726537369824,352.15199172896746,buy,121.4800033569336,
2018-06-06,122.79000091552734,977.9214790479816,2.793067932054152,634.9606651139222,342.9608139340594,sell,,122.79000091552734
2018-06-07,123.33000183105469,979.4294694049379,2.7494640272420625,640.3380658907553,339.09140351418256,sell,,123.33000183105469
2018-06-08,124.05999755859376,981.4362007584552,2.690518452703987,647.6504880846471,333.7857126738081,sell,,124.05999755859376
2018-06-11,122.66000366210938,977.6681047181736,2.8035649288200464,633.7828202821453,343.8852844360283,buy,122.66000366210938,
2018-06-12,122.54000091552734,977.3315504856992,2.8132548907973174,632.5952935917841,344.736256893915,buy,122.54000091552734,
2018-06-13,122.62999725341795,977.5846885657563,2.805987881357183,633.486402381801,344.0982861839554,sell,,122.62999725341795
2018-06-14,122.41000366210938,976.9671717653619,2.823751887563212,631.3116928678608,345.65547889750104,buy,122.41000366210938,
2018-06-15,122.61000061035156,977.5318145220574,2.8076025669915143,633.2916620696031,344.2401524524542,sell,,122.61000061035156
2018-06-18,121.31999969482422,973.9087409130809,2.911767348033104,620.6531271383056,353.25561377477527,buy,121.31999969482422,
2018-06-19,122.56999969482422,977.5478315192406,2.8108325543172725,633.0240861943705,344.52374532487005,sell,,122.56999969482422
2018-06-20,122.04000091552734,976.0575714111573,2.8536288082836503,627.8007090356454,348.2568623755119,buy,122.04000091552734,
2018-06-21,121.4499969482422,974.3733404865857,2.9012703512672076,622.0140651791578,352.35927530742794,buy,121.4499969482422,
2018-06-22,122.83999633789062,978.4054151294242,2.7890309099397737,635.8008683661586,342.60454676326555,sell,,122.83999633789062
2018-06-25,122.58999633789062,977.7079099300195,2.809217868682939,633.325901695841,344.38200823417844,buy,122.58999633789062,
2018-06-26,122.3499984741211,977.0334665368432,2.8285971765803932,630.9546062983288,346.0788602385143,buy,122.3499984741211,
2018-06-27,121.61000061035156,974.9395840097317,2.88835040196418,623.6872898639585,351.25229414577313,buy,121.61000061035156,
2018-06-28,122.0,976.0658468047898,2.8568587956094085,627.529073740442,348.5367730643478,sell,,122.0
2018-06-29,121.33999633789062,974.179662869798,2.910152662398769,621.0617494716288,353.11791339816926,buy,121.33999633789062,
2018-07-02,121.58000183105469,974.8779976841603,2.890772738444225,623.4178428509484,351.46015483321185,sell,,121.58000183105469
2018-07-03,122.70999908447266,978.1440031061968,2.7995279067056664,634.6139362373889,343.530066868808,sell,,122.70999908447266
2018-07-05,125.0,984.553768871747,2.6146152906914146,657.7268575353203,326.8269113364268,sell,,125.0
2018-07-06,125.75,986.5143495632564,2.554054414461916,665.3420069446704,321.17234261858596,sell,,125.75
2018-07-09,126.0500030517578,987.2804210064246,2.529829817547281,668.395364784162,318.8850562222626,sell,,126.0500030517578
2018-07-10,127.37999725341795,990.6443960016081,2.4224356652370265,682.074547617134,308.56984838447414,sell,,127.37999725341795
2018-07-11,126.23999786376952,987.8816587512549,2.5144881478212966,670.4526803418206,317.42897840943425,buy,126.23999786376952,
2018-07-12,127.76000213623048,991.7029074346807,2.391751093670873,686.1327825979583,305.57012483672236,sell,,127.76000213623048
2018-07-13,125.93000030517578,987.3241377027705,2.539519779524552,667.5224110922437,319.80172661052677,buy,125.93000030517578,
2018-07-16,124.69000244140624,984.1738901157905,2.6396469223946717,655.0363089179485,329.13758119784205,buy,124.69000244140624,
2018-07-17,129.11000061035156,995.8388206773736,2.2827416396691955,701.1140461864089,294.72477449096476,sell,,129.11000061035156
2018-07-18,127.8000030517578,992.8470828408903,2.3885211063451184,687.5940781607962,305.253004680094,buy,127.8000030517578,
2018-07-19,125.94000244140624,988.4025406194788,2.538712128678842,668.6771289356378,319.725411683841,buy,125.94000244140624,
2018-07-20,125.8499984741211,988.1739549930371,2.5459797541760683,667.7624068148357,320.4115481782014,buy,125.8499984741211,
2018-07-23,126.62999725341795,990.1594173152064,2.482996541466525,675.737572089054,314.42184522615236,sell,,126.62999725341795
2018-07-24,129.36000061035156,996.9365803907037,2.26255468092603,704.2525054851587,292.684074905545,sell,,129.36000061035156
2018-07-25,128.6199951171875,995.261508944355,2.3223085223669067,696.5661981369205,298.69531080743445,buy,128.6199951171875,
2018-07-26,130.27999877929688,999.1156764483948,2.1882668206048805,714.0282777312151,285.08739871717967,sell,,130.27999877929688
2018-07-27,131.55000305175778,1001.8941101365792,2.085716725197628,727.518068571729,274.3760415648502,sell,,131.55000305175778
2018-07-30,132.16999816894528,1003.1869134789664,2.0356534617911137,734.1345991614278,269.0523143175386,sell,,132.16999816894528
2018-07-31,132.52000427246094,1003.8992173496604,2.007391226705007,737.8797234102123,266.0194939394481,sell,,132.52000427246094
2018-08-01,132.63999938964844,1004.1400302354082,1.9977018807848257,739.1648539874093,264.97517624799883,sell,,132.63999938964844
2018-08-02,131.25,1001.3617526977503,2.1099413221122614,724.431954170516,276.9297985272343,buy,131.25,
2018-08-03,131.94999694824222,1002.8383322721445,2.053418084054231,731.8898223477233,270.94850992442116,sell,,131.94999694824222
2018-08-06,132.02000427246094,1002.9820492626543,2.047765144191338,732.6360861775172,270.34596308513704,sell,,132.02000427246094
2018-08-07,131.46000671386722,1001.8347113377133,2.092983734637759,726.6910555302187,275.14365580749467,buy,131.46000671386722,
2018-08-08,131.16999816894528,1001.2274210021276,2.1164012967637778,723.6190667808695,277.60835422125814,buy,131.16999816894528,
2018-08-09,131.19999694824222,1001.2908945670061,2.1139789602837276,723.9368614291328,277.35403313787333,sell,,131.19999694824222
2018-08-10,130.75,1000.3391353893782,2.1503152395985943,719.185417811862,281.1537175775162,buy,130.75,
2018-08-13,130.22000122070312,999.198913644463,2.193111493564972,713.6119322752943,285.5869813691687,buy,130.22000122070312,
2018-08-14,129.5,997.6191177978684,2.251250033314424,706.0822384836505,291.5368793142179,buy,129.5,
2018-08-15,130.42999267578122,999.7122741088721,2.1761551382046562,715.8763753714751,283.835898737397,sell,,130.42999267578122
2018-08-16,132.47999572753906,1004.1723022906925,2.010621830087855,737.8051308309567,266.3671714597358,sell,,132.47999572753906
2018-08-17,134.47000122070312,1008.1723703871946,1.8499331949311468,759.4118514065841,248.76051898061056,sell,,134.47000122070312
2018-08-20,136.8800048828125,1012.6293843015451,1.6553306169396222,786.0477213721806,226.5816629293645,sell,,136.8800048828125
2018-08-21,135.35000610351562,1010.0950583089755,1.778874705878664,769.3243560109088,240.77070229806674,buy,135.35000610351562,
2018-08-22,134.61000061035156,1008.7778769085114,1.8386285473195407,761.2800870316182,247.4977898768932,buy,134.61000061035156,
2018-08-23,135.11000061035156,1009.6969184361703,1.7982546298332096,766.7347343018379,242.96218413433246,sell,,135.11000061035156
2018-08-24,135.94999694824222,1011.2069846797827,1.730426744163573,775.9554740915883,235.25151058819446,sell,,135.94999694824222
2018-08-27,134.91999816894528,1009.4235251136935,1.8135969156162872,764.7330325795392,244.6904925341543,buy,134.91999816894528,
2018-08-28,134.32000732421878,1008.3347328152422,1.862044877331373,758.2248512540682,250.10988156117406,buy,134.32000732421878,
2018-08-29,134.86000061035156,1009.3399305305018,1.8184415885763752,764.1048967852031,245.2350337452986,sell,,134.86000061035156
2018-08-30,134.94999694824222,1009.5035345799965,1.811174579136237,765.0855306528275,244.41800392716905,sell,,134.94999694824222
2018-08-31,134.69000244140622,1009.0323563703962,1.8321685726680297,762.2575668446715,246.77478952572466,buy,134.69000244140622,
2018-09-04,133.72000122070312,1007.254103249799,1.9104940711606453,751.7828337220514,255.47126952774758,buy,133.72000122070312,
2018-09-05,135.86000061035156,1011.3413855634471,1.7376937536037111,775.2583111382429,236.0830744252043,sell,,135.86000061035156
2018-09-06,136.8699951171875,1013.0958885884187,1.6561388838424254,786.4201676435216,226.6757209448971,sell,,136.8699951171875
2018-09-07,137.32000732421878,1013.8409218093202,1.619801372413379,791.4097854857354,222.43113632358484,sell,,137.32000732421878
2018-09-10,137.21000671386722,1013.6626207955094,1.6286836835449385,790.1909216415424,223.471699153967,buy,137.21000671386722,
2018-09-11,138.50999450683594,1015.77916272471,1.5237124837718223,804.7297549674776,211.04940775723244,sell,,138.50999450683594
2018-09-12,139.36000061035156,1017.0738493792057,1.4550763311993844,814.2944109751514,202.77943840405433,sell,,139.36000061035156
2018-09-13,139.88999938964844,1017.8447387201281,1.4122800772330066,820.2808795779902,197.56385914213794,sell,,139.88999938964844
2018-09-14,139.49000549316406,1017.2793847753453,1.4445787183764,815.7750914137134,201.50429336163194,buy,139.49000549316406,
2018-09-17,139.96000671386722,1017.9580729512074,1.406627137370112,821.0865293609787,196.8715435902287,sell,,139.96000671386722
2018-09-18,140.53999328613278,1018.7735687099802,1.3597944773464512,827.6680619931894,191.1055067167907,sell,,140.53999328613278
2018-09-19,140.46000671386722,1018.6647126912495,1.3662532198837791,826.7607762535312,191.90393643771833,buy,140.46000671386722,
2018-09-20,141.97999572753906,1020.7405312737922,1.2435173978475422,844.1859364402776,176.55459483351453,sell,,141.97999572753906
2018-09-21,142.8800048828125,1021.8591891350179,1.1708436071036363,854.5690488350406,167.29014029997737,sell,,142.8800048828125
2018-09-24,140.47000122070312,1019.034718171704,1.365446185095161,827.2304908845823,191.80422728712168,buy,140.47000122070312,
2018-09-25,138.63999938964844,1016.5339004877216,1.513214870948838,806.7417917029677,209.79210878475385,buy,138.63999938964844,
2018-09-26,138.16000366210938,1015.8070283257675,1.551973486743746,801.3863657137549,214.4206626120126,buy,138.16000366210938,
2018-09-27,138.22000122070312,1015.9001094644392,1.5471288137836563,802.0559629346773,213.84414652976196,sell,,138.22000122070312
2018-09-28,138.16999816894528,1015.8226925142417,1.5511664519551278,801.4980266878723,214.32466582636937,buy,138.16999816894528,
2018-10-01,139.69000244140622,1018.1796148915419,1.428429397804706,818.642308824826,199.53730606671581,sell,,139.69000244140622
2018-10-02,140.47999572753906,1019.3076164628376,1.3646391503065392,827.6031144581424,191.70450200469514,sell,,140.47999572753906
2018-10-03,139.02999877929688,1017.3272660390146,1.4817232645940663,811.3232823712458,206.00398366776884,buy,139.02999877929688,
2018-10-04,139.35000610351562,1017.8012482966486,1.4558833659880062,814.9238923602131,202.87735593643552,sell,,139.35000610351562
2018-10-05,139.10000610351562,1017.4369966545432,1.4760703247311735,812.1156054752187,205.32139117932454,buy,139.10000610351562,
2018-10-08,139.38999938964844,1017.8648839384638,1.4526539947193395,815.3794445011647,202.4854394372991,sell,,139.38999938964844
2018-10-09,139.19999694824222,1017.5886625683352,1.4679962805024118,813.2435848023686,204.34507776596664,buy,139.19999694824222,
2018-10-10,137.72999572753906,1015.4290713970034,1.5866956964813657,796.8934798997203,218.53559149728312,buy,137.72999572753906,
2018-10-11,133.83999633789062,1009.2526220710072,1.900804725240464,754.8489246057783,254.4036974652289,buy,133.83999633789062,
2018-10-12,133.8699951171875,1009.3096276785375,1.8983823887604174,755.1731865646257,254.13644111391181,sell,,133.8699951171875
2018-10-15,133.94999694824222,1009.461458480001,1.891922414108901,756.0384568838027,253.42300159619833,sell,,133.94999694824222
2018-10-16,136.55999755859378,1014.3979381216254,1.6811705155456789,784.8172966231277,229.58064149849776,sell,,136.55999755859378
2018-10-17,139.46000671386722,1019.2717151445557,1.4470010548564431,817.4729383193032,201.7987768252525,sell,,139.46000671386722
2018-10-18,139.5,1019.3295629469125,1.44377168358778,817.9234130864171,201.40614986049533,sell,,139.5
2018-10-19,139.05000305175778,1018.6793648393644,1.480107962902645,812.8703480808207,205.80901675854378,buy,139.05000305175778,
2018-10-22,138.67999267578122,1018.1312951938669,1.5099854996801731,808.7265171576846,209.40477803618225,buy,138.67999267578122,
2018-10-23,138.92999267578122,1018.5086513400854,1.4897985409370076,811.5309509593174,206.97770038076803,sell,,138.92999267578122
2018-10-24,137.47000122070312,1016.3319375508888,1.607689690013153,795.3228339022688,221.00910364861997,buy,137.47000122070312,
2018-10-25,138.47000122070312,1017.9390681832615,1.526941855040489,806.5034276518624,211.4356405313992,sell,,138.47000122070312
2018-10-26,136.97000122070312,1015.6469963960426,1.6480636074994859,789.9117220650417,225.73527433100097,buy,136.97000122070312,
2018-10-29,137.55000305175778,1016.6025542059866,1.601229715361642,796.3534019714275,220.2491522345591,sell,,137.55000305175778
2018-10-30,140.75,1021.7246659690692,1.3428368898719487,832.7203737195924,189.00429224947678,sell,,140.75
2018-10-31,139.99000549316406,1020.7032582197699,1.404204800890069,824.1286204296417,196.5746377901281,buy,139.99000549316406,
2018-11-01,140.82000732421875,1021.8682788818487,1.3371839500090559,833.5660252477458,188.302253634103,sell,,140.82000732421875
2018-11-02,140.67999267578122,1021.6808944900843,1.348489829734845,831.9753551196208,189.70553937046347,buy,140.67999267578122,
2018-11-05,142.1999969482422,1023.7297321322151,1.2257527755844215,849.4276911848109,174.30204094740412,sell,,142.1999969482422
2018-11-06,142.57000732421875,1024.1830603955314,1.1958752388068934,853.6871188399808,170.49594155555064,sell,,142.57000732421875
2018-11-07,144.75,1026.7887856424059,1.0198455499812908,879.1661422826139,147.62264335979185,sell,,144.75
2018-11-08,145.3000030517578,1027.3493811572584,0.97543399432349,885.6188188052671,141.7305623519914,sell,,145.3000030517578
2018-11-09,145.33999633789062,1027.3883685002568,0.9722046230548216,886.0881521457886,141.3002163544681,sell,,145.33999633789062
2018-11-12,145.6199951171875,1027.6604199896658,0.9495953278316112,889.3803529875225,138.28006700214328,sell,,145.6199951171875
2018-11-13,144.67999267578125,1026.7666998962638,1.0254984898441837,878.3975858965825,148.36911399968122,buy,144.67999267578125,
2018-11-14,144.25,1026.3252422065038,1.0602194674676237,873.3885840242991,152.93665818220472,buy,144.25,
2018-11-15,144.5,1026.5901512225937,1.0400325087244564,876.3054537119099,150.28469751068394,sell,,144.5
2018-11-16,145.99000549316406,1028.1389271363478,0.9197177910540812,893.8693217682018,134.26960536814605,sell,,145.99000549316406
2018-11-19,147.72999572753906,1029.738189304661,0.7792173467547219,914.6244139977616,115.11377530689938,sell,,147.72999572753906
2018-11-20,146.4499969482422,1028.739278386868,0.8825744769505981,899.4862489308563,129.25302945601155,buy,146.4499969482422,
2018-11-21,141.99000549316406,1024.797890209048,1.2427091309447391,848.3456138797995,176.45227632924863,buy,141.99000549316406,
2018-11-23,142.22999572753906,1025.0959904530807,1.2233304391043767,851.1017073258967,173.994283127184,sell,,142.22999572753906
2018-11-26,141.3699951171875,1024.0429438104834,1.2927736264654346,841.2835425494361,182.75940126104726,buy,141.3699951171875,
2018-11-27,143.22000122070312,1026.4335131711646,1.1433896389203326,862.6772476892552,163.75626548190934,sell,,143.22000122070312
2018-11-28,146.44000244140625,1030.1133254246884,0.8833815117392199,900.7509346889038,129.3623907357845,sell,,146.44000244140625
2018-11-29,145.85000610351562,1029.5914387248536,0.9310224386656873,893.8018103629531,135.7896283619005,buy,145.85000610351562,
2018-11-30,146.89999389648438,1030.5683781802081,0.8462381976357349,906.2559921125467,124.31238606766141,sell,,146.89999389648438
2018-12-03,146.2100067138672,1029.9836700617675,0.9019531687909605,898.1090911972475,131.87457886452012,buy,146.2100067138672,
2018-12-04,146.02999877929688,1029.821099076506,0.9164884197854146,895.9862962540021,133.83480282250383,buy,146.02999877929688,
2018-12-06,145.91000366210938,1029.710983563923,0.9261777657055958,894.5723823780552,135.13860118586777,buy,145.91000366210938,
2018-12-07,145.42999267578125,1029.2658443766516,0.9649376136146852,888.9349742960821,140.3308700805695,buy,145.42999267578125,
2018-12-10,145.25999450683594,1029.1016073510273,0.978664597706338,886.9407932641699,142.16081408685744,buy,145.25999450683594,
2018-12-11,146.5,1030.3144233923142,0.8785368387791284,901.608776511172,128.70564688114231,sell,,146.5
2018-12-12,147.10000610351562,1030.8411945139096,0.8300876449498578,908.7352968753327,122.10589763857699,sell,,147.10000610351562
2018-12-13,147.83999633789062,1031.4550095735708,0.7703350356231606,917.5686807280938,113.88632884547691,sell,,147.83999633789062
2018-12-14,133.0,1020.0073031082228,1.968632610910099,758.1791658571797,261.82813725104313,buy,133.0,
2018-12-17,129.13999938964844,1012.4043549066268,2.2803193031891507,717.9239214845763,294.48043342205045,buy,129.13999938964844,
2018-12-18,130.41999816894528,1015.3224868392795,2.176962172993276,731.4030842236332,283.9194026156462,sell,,130.41999816894528
2018-12-19,127.61000061035156,1009.2023329615463,2.4038633921281924,702.4453240248658,306.7570089366804,buy,127.61000061035156,
2018-12-20,128.27000427246094,1010.7885498033355,2.3505695253388303,709.2809867454073,301.5075630579282,sell,,128.27000427246094
2018-12-21,128.08999633789062,1010.3652424559907,2.3651047763332844,707.4189803167327,302.946262139258,buy,128.08999633789062,
2018-12-24,122.83999633789062,997.943234871771,2.7890309099397737,655.3386881085055,342.60454676326555,buy,122.83999633789062,
2018-12-26,126.70999908447266,1008.7348123456436,2.4765365668150086,694.9328662318508,313.8019461137928,sell,,126.70999908447266
2018-12-27,127.41000366210938,1010.4680391938758,2.42001271269989,702.1342106064316,308.33382858744426,sell,,127.41000366210938
2018-12-28,127.2699966430664,1010.1290765458376,2.431317976368586,700.6952458551807,309.4338306906569,buy,127.2699966430664,
2018-12-31,129.05000305175778,1014.4559106967581,2.287586312629289,719.242890070789,295.2130206259691,sell,,129.05000305175778
2019-01-02,127.75,1011.4807004863633,2.3925587445165863,705.8313208743695,305.6493796119939,buy,127.75,
2019-01-03,125.72000122070312,1006.6217483784019,2.556476750941961,685.2214881292794,321.4002602491225,buy,125.72000122070312,
2019-01-04,127.83000183105469,1012.0148269123573,2.3860987698650717,706.9998167914279,305.01501012092945,sell,,127.83000183105469
2019-01-07,127.01000213623048,1010.0573856753797,2.4523119699003715,698.58923713963,311.4681485357498,buy,127.01000213623048,
2019-01-08,129.96000671386722,1017.290169346574,2.214105487096756,729.5450053782694,287.7451639683046,sell,,129.96000671386722
2019-01-09,128.92999267578122,1015.0085372842159,2.2972768906636514,718.8206445967098,296.187892687506,buy,128.92999267578122,
2019-01-10,129.71000671386722,1016.800037022666,2.234292445839923,726.9899488720267,289.8100881506392,sell,,129.71000671386722
2019-01-11,129.75,1016.8893727692107,2.2310630745712583,727.4089388435899,289.4804339256208,sell,,129.75
2019-01-14,128.27999877929688,1013.6081846500315,2.3497624905502086,712.1806552306132,301.42752941941836,buy,128.27999877929688,
2019-01-15,129.36000061035156,1016.145368382254,2.26255468092603,723.461293476709,292.684074905545,sell,,129.36000061035156
2019-01-16,128.03999328613278,1013.1574148827169,2.369142414504756,709.8124360356356,303.34497884708134,buy,128.03999328613278,
2019-01-17,129.08999633789062,1015.644474400175,2.2843569413606204,720.7568452054975,294.8876291946775,sell,,129.08999633789062
2019-01-18,130.69000244140622,1019.2986152109597,2.1551599125586876,737.640760977044,281.6578542339157,sell,,130.69000244140622
2019-01-22,128.80000305175778,1015.2233986315209,2.307773271372456,717.9821942359836,297.2412043955374,buy,128.80000305175778,
2019-01-23,128.80000305175778,1015.2233986315209,2.307773271372456,717.9821942359836,297.2412043955374,hold,,
2019-01-24,127.02999877929688,1011.1368145176023,2.45069728426604,699.824741488861,311.3120730287412,buy,127.02999877929688,
2019-01-25,128.22999572753906,1014.077022523695,2.3538001287216783,712.2492420742332,301.8277804494617,sell,,128.22999572753906
2019-01-28,128.99000549316406,1015.8655378075472,2.2924309855893785,720.1648523836737,295.70068542387344,sell,,128.99000549316406
2019-01-29,130.33000183105472,1018.9366818360438,2.184229182433409,734.2660884900545,284.67059334598935,sell,,130.33000183105472
2019-01-30,131.63999938964844,1021.7973204919942,2.0784497157574897,748.1902011782634,273.6071193137309,sell,,131.63999938964844
2019-01-31,133.08000183105472,1024.7895194493276,1.9621726362585807,763.6635814231902,261.12593802613736,sell,,133.08000183105472
2019-02-01,134.19999694824222,1026.986536387546,1.8717354553657355,775.7996439895477,251.18689239799846,sell,,134.19999694824222
2019-02-04,132.8800048828125,1024.5144441163964,1.9783219568302801,761.6350128330135,262.8794312833828,buy,132.8800048828125,
2019-02-05,132.8800048828125,1024.5144441163964,1.9783219568302801,761.6350128330135,262.8794312833828,hold,,
2019-02-06,133.0,1024.7517686572905,1.968632610910099,762.9236314062473,261.82813725104313,sell,,133.0
2019-02-07,132.05000305175778,1022.8805607265435,2.045342807711295,752.7930367263763,270.0875240001673,buy,132.05000305175778,
2019-02-08,132.39999389648438,1023.5962248957388,2.0170818047393695,756.5346062595366,267.0616186362022,sell,,132.39999389648438
2019-02-11,132.0,1022.7889781430704,2.049380445882763,752.2707592865456,270.5182188565247,buy,132.0,
2019-02-12,134.16000366210938,1027.2144774312267,1.874964826634404,775.6691894236287,251.5452880075979,sell,,134.16000366210938
2019-02-13,134.44999694824222,1027.7580472264108,1.8515484966225682,778.8173575059841,248.94068972042675,sell,,134.44999694824222
2019-02-14,134.30999755859378,1027.49867973426,1.8628531442341743,777.2988784801493,250.1998012541107,buy,134.30999755859378,
2019-02-15,136.3800048828125,1031.3536596003576,1.6957045344259551,800.0934669155384,231.26019268481906,sell,,136.3800048828125
2019-02-19,135.69000244140622,1030.1828633185241,1.7514207376953639,792.5325791447107,237.65028417381342,buy,135.69000244140622,
2019-02-20,136.35000610351562,1031.3384440883442,1.698126870906,799.7988348757673,231.53960921257698,sell,,136.35000610351562
2019-02-21,135.41999816894528,1029.7581556727534,1.7732229981299543,789.6283005128633,240.12985515989007,buy,135.41999816894528,
2019-02-22,136.60000610351562,1031.849922096803,1.6779399121628344,802.6433198540275,229.20660224277566,sell,,136.60000610351562
2019-02-25,136.19999694824222,1031.1782908456753,1.7102397854204057,798.2436372906537,232.93465355502167,buy,136.19999694824222,
2019-02-26,136.11000061035156,1031.0242766168067,1.7175067948605456,797.2544257200549,233.76985089675182,buy,136.11000061035156,
2019-02-27,135.8699951171875,1030.6118022364763,1.7368867188150894,794.6210122319623,235.99079000451403,buy,135.8699951171875,
2019-02-28,136.63999938964844,1031.948787643099,1.6747105408941678,803.116340357482,228.8324472856169,sell,,136.63999938964844
2019-03-01,138.35000610351562,1034.811598747936,1.536631200960672,822.2186627161744,212.59293603176152,sell,,138.35000610351562
2019-03-04,138.47999572753906,1035.0112721830737,1.5261348202518672,823.6721287949465,211.33914338812716,sell,,138.47999572753906
2019-03-05,138.77000427246094,1035.4537018388896,1.5027172581258537,826.9216215084642,208.5320803304255,sell,,138.77000427246094
2019-03-06,139.08999633789062,1035.934379743073,1.4768785916339748,830.5153418411943,205.41903790187862,sell,,139.08999633789062
2019-03-07,138.24000549316406,1034.6780976522332,1.5455135120922314,821.0263012508439,213.65179640138936,buy,138.24000549316406,
2019-03-08,138.05999755859378,1034.3996922833994,1.5600487630866837,819.0193638603646,215.3803284230348,buy,138.05999755859378,
2019-03-11,138.55999755859378,1035.1794369544473,1.5196748456003508,824.6132940582063,210.566142896241,sell,,138.55999755859378
2019-03-12,139.17999267578122,1036.1212795482004,1.469611582193842,831.5807503022182,204.54052924598219,sell,,139.17999267578122
2019-03-13,139.41000366210938,1036.4591768954128,1.4510386930279164,834.1698673865285,202.28930950888423,sell,,139.41000366210938
2019-03-14,138.02000427246094,1034.4406848689305,1.5632781343553521,818.67703008616,215.76365478277046,buy,138.02000427246094,
2019-03-15,137.60000610351562,1033.783644259075,1.5971920771901686,814.0100046892209,219.773639569854,buy,137.60000610351562,
2019-03-18,137.16999816894528,1033.0963627083056,1.6319142869277918,809.2466829585447,223.84967974976087,buy,137.16999816894528,
2019-03-19,138.44000244140622,1035.168190973221,1.5293641915205374,823.4430085653186,211.72518240790245,sell,,138.44000244140622
2019-03-20,137.28999328613278,1033.4081332660576,1.6222249410076106,810.6928820065257,222.715251259532,buy,137.28999328613278,
2019-03-21,138.10000610351562,1034.721704627107,1.5568181597038375,819.7251072699432,214.99659735716392,sell,,138.10000610351562
2019-03-22,136.91000366210938,1032.8677716463555,1.6529082804595774,806.5680929155039,226.29967873085164,buy,136.91000366210938,
2019-03-25,136.61000061035156,1032.3715631857222,1.6771328773742127,803.2584397839902,229.11312340173185,buy,136.61000061035156,
2019-03-26,138.57000732421878,1035.6576583373146,1.5188665786975477,825.1883054026844,210.4693529346303,sell,,138.57000732421878
2019-03-27,138.69999694824222,1035.8550224404228,1.5083701979887447,826.6440805825644,209.2109418578584,sell,,138.69999694824222
2019-03-28,138.8800048828125,1036.1264401115436,1.4938349469942942,828.66263537886,207.46380473268354,sell,,138.8800048828125
2019-03-29,139.78999328613278,1037.4852990041895,1.4203553535759479,838.9338336638849,198.5514653403045,sell,,139.78999328613278
2019-04-01,138.97999572753906,1036.3339056291627,1.485760902765536,829.8428617106639,206.49104391849878,buy,138.97999572753906,
2019-04-02,137.71000671386722,1034.445593405242,1.5883097660586074,815.7194448576104,218.72614854763168,buy,137.71000671386722,
2019-04-03,137.16999816894528,1033.5872944363828,1.6319142869277918,809.7376146866218,223.84967974976087,buy,137.16999816894528,
2019-04-04,135.57000732421878,1030.9744950104096,1.7611100836155416,792.2207880758949,238.75370693451453,buy,135.57000732421878,
2019-04-05,136.17999267578122,1032.0484109866507,1.711855087111834,798.9279977617623,233.12041322488838,sell,,136.17999267578122
2019-04-08,136.13999938964844,1031.9799043116736,1.715084458380499,798.488307194557,233.49159711711664,buy,136.13999938964844,
2019-04-09,135.57000732421878,1031.0016958094202,1.7611100836155416,792.2479888749056,238.75370693451453,buy,135.57000732421878,
2019-04-10,135.58000183105472,1031.0192917653007,1.7603030488269198,792.3574011821357,238.661890583165,sell,,135.58000183105472
2019-04-11,135.21000671386722,1030.367584274929,1.7901793534902684,788.3174218704834,242.05016240444564,buy,135.21000671386722,
2019-04-12,135.97999572753906,1031.7455799821755,1.72800440768353,796.7715480082004,234.97403197397506,sell,,135.97999572753906
2019-04-15,136.52000427246094,1032.6784194835184,1.684399886814349,802.7241397390908,229.95427974442765,sell,,136.52000427246094
2019-04-16,138.02000427246094,1035.2041834525003,1.5632781343553521,819.4405286697299,215.76365478277046,sell,,138.02000427246094
2019-04-17,138.52000427246094,1035.9855428899168,1.5229042168690192,825.0328442626716,210.95269862724533,sell,,138.52000427246094
2019-04-18,137.52000427246094,1034.4615282287868,1.603652051841685,813.9272912079775,220.5342370208093,buy,137.52000427246094,
2019-04-22,137.83000183105472,1034.9584839441995,1.5786204201384244,817.3772285459801,217.5812553982194,sell,,137.83000183105472
2019-04-23,139.89999389648438,1038.2250464923552,1.4114730424443866,840.7599764693333,197.46507002302192,sell,,139.89999389648438
2019-04-24,139.19999694824222,1037.2362328666616,1.4679962805024118,832.891155100695,204.34507776596664,buy,139.19999694824222,
2019-04-25,139.64999389648438,1037.8965729948593,1.4316600011875522,837.9652625671769,199.9313104276825,sell,,139.64999389648438
2019-04-26,140.38999938964844,1038.955589817993,1.3719061597466755,846.3536848885025,192.6019049294907,sell,,140.38999938964844
2019-04-29,139.83999633789062,1038.200416192229,1.4163177154044764,840.1425520567775,198.05786413545158,buy,139.83999633789062,
2019-04-30,141.1999969482422,1040.1258338408875,1.3065006105570856,855.6479516173504,184.47788222353702,sell,,141.1999969482422
2019-05-01,141.9499969482422,1041.1052794679954,1.245939734327587,864.2441379825008,176.86114148549467,sell,,141.9499969482422
2019-05-02,141.27999877929688,1040.269737789849,1.300040635905571,856.5999983360734,183.6697394537754,buy,141.27999877929688,
2019-05-03,142.00999450683594,1041.2183433566513,1.2410950613674974,864.9704405093918,176.24790284725952,sell,,142.00999450683594
2019-05-06,142.08999633789062,1041.317587339185,1.2346350867159828,865.8882923890797,175.42929495010526,sell,,142.08999633789062
2019-05-07,139.97000122070312,1038.6977709071507,1.405820102581492,841.9251294327303,196.77264147442042,buy,139.97000122070312,
2019-05-08,139.78999328613278,1038.4445089458436,1.4203553535759479,839.8930436055391,198.5514653403045,buy,139.78999328613278,
2019-05-09,138.72999572753906,1036.9377483138917,1.5059478615087016,828.0176079208928,208.92014039299877,buy,138.72999572753906,
2019-05-10,139.05000305175778,1037.419483007567,1.480107962902645,831.6104662490231,205.80901675854378,sell,,139.05000305175778
2019-05-13,137.19999694824222,1034.6792246940715,1.6294919504477416,811.1129340654561,223.5662906286154,buy,137.19999694824222,
2019-05-14,136.82000732421878,1034.0596148509987,1.6601752898997102,806.9144195274334,227.1451953235654,buy,136.82000732421878,
2019-05-15,136.91000366210938,1034.208974801032,1.6529082804595774,807.9092960701802,226.29967873085164,sell,,136.91000366210938
2019-05-16,138.21000671386722,1036.3570351978792,1.5479358485722745,822.4168111740695,213.9402240238098,sell,,138.21000671386722
2019-05-17,138.61000061035156,1036.975976243724,1.5156372074288829,826.8935019969351,210.082474246789,sell,,138.61000061035156
2019-05-20,138.41999816894528,1036.6877891061094,1.5309794932119605,824.7696104590171,211.91817864709236,buy,138.41999816894528,
2019-05-21,138.1199951171875,1036.2281559958467,1.555204090126594,821.4233746613314,214.80478133451518,buy,138.1199951171875,
2019-05-22,138.75999450683594,1037.223127118436,1.5035255250286568,828.5939335245719,208.62919359386404,sell,,138.75999450683594
2019-05-23,139.78999328613278,1038.7711752559717,1.4203553535759479,840.2197099156671,198.5514653403045,sell,,139.78999328613278
2019-05-24,138.85000610351562,1037.4350055305056,1.496257283474339,829.6796725876638,207.75533294284168,buy,138.85000610351562,
2019-05-28,137.07000732421878,1034.7696992708313,1.6399883311565446,809.9764867075704,224.7932125632609,buy,137.07000732421878,
2019-05-29,131.33000183105472,1025.3500701873998,2.1034813474607432,749.0998609737909,276.25020921360885,buy,131.33000183105472,
2019-05-30,132.11000061035156,1026.9903670350793,2.0404981347512035,757.4201572076767,269.5702098274027,sell,,132.11000061035156
2019-05-31,131.14999389648438,1025.0304584714804,2.118016598455201,747.2525945114284,277.7778639600522,buy,131.14999389648438,
2019-06-03,131.44000244140622,1025.6445474830978,2.094599036329189,750.330445034222,275.31410244887576,sell,,131.44000244140622
2019-06-04,133.72999572753906,1030.4399287993836,1.9096870363720235,775.0574895844162,255.38243921496743,sell,,133.72999572753906
2019-06-05,134.3800048828125,1031.6808901976954,1.8572002043712832,782.110317665922,249.57057253177342,sell,,134.3800048828125
2019-06-06,136.67999267578122,1035.951158793033,1.671481169625503,807.493124770913,228.45803402212,sell,,136.67999267578122
2019-06-07,138.55000305175778,1039.075799875883,1.5204818803889761,828.4130307078478,210.66276916803506,sell,,138.55000305175778
2019-06-10,139.02000427246094,1039.790164414275,1.482530299382688,833.688795860041,206.10136855423409,sell,,139.02000427246094
2019-06-11,139.77999877929688,1040.9164503976974,1.4211623883645679,842.2663734869154,198.65007691078193,sell,,139.77999877929688
2019-06-12,141.67999267578125,1043.615563431491,1.2677419947621775,864.0018868988054,179.61367653268562,sell,,141.67999267578125
2019-06-13,140.71000671386722,1042.384769392438,1.3460662611406136,852.9797767500322,189.4049926424059,buy,140.71000671386722,
2019-06-14,140.08999633789062,1041.5494929902793,1.3961307566613108,845.9655404023799,195.5839525878995,buy,140.08999633789062,
2019-06-17,139.44000244140622,1040.6412846605378,1.4486163565478734,838.6462163668414,201.99506829369645,buy,139.44000244140622,
2019-06-18,140.22999572753906,1041.785234591086,1.3848261090497047,847.5910752356615,194.19415935542463,sell,,140.22999572753906
2019-06-19,140.44999694824222,1042.0897732734816,1.3670614867865822,850.0859916262466,192.00378164723494,sell,,140.44999694824222
2019-06-20,142.2100067138672,1044.494804317615,1.2249445086816184,870.2954375138875,174.19936680372768,sell,,142.2100067138672
2019-06-21,142.08999633789062,1044.347660573158,1.2346350867159828,868.9183656230529,175.42929495010526,buy,142.08999633789062,
2019-06-24,143.05999755859375,1045.5446978521143,1.1563095882233636,880.1230509839014,165.42164686821295,sell,,143.05999755859375
2019-06-25,144.24000549316406,1046.9084651593955,1.0610265022562455,893.865996645562,153.0424685138335,sell,,144.24000549316406
2019-06-26,141.85000610351562,1044.36987494197,1.2540137785563452,866.4880127998598,177.88186214211026,buy,141.85000610351562,
2019-06-27,140.69000244140622,1042.9138965544291,1.347681562832042,853.308574189351,189.60532236507814,buy,140.69000244140622,
2019-06-28,139.27999877929688,1041.0120748466318,1.4615363058509008,837.4492999518203,203.56277489481153,buy,139.27999877929688,
2019-07-01,139.36000061035156,1041.1289554141492,1.4550763311993844,838.3495170100949,202.77943840405433,sell,,139.36000061035156
2019-07-02,140.02999877929688,1042.1034751042694,1.4009754296214023,845.9248874045595,196.17858769970988,sell,,140.02999877929688
2019-07-03,142.13999938964844,1045.0583232395518,1.230597448544513,870.1412026545318,174.91712058502,sell,,142.13999938964844
2019-07-05,140.57000732421878,1043.124512954976,1.3573709087522197,852.3188743699949,190.805638584981,buy,140.57000732421878,
2019-07-08,140.97000122070312,1043.667225376768,1.325072267608828,856.8717861944318,186.79543918233634,sell,,140.97000122070312
2019-07-09,141.41000366210938,1044.250009200026,1.2895430230825866,861.8957255834697,182.35428361655616,sell,,141.41000366210938
2019-07-10,141.2100067138672,1043.9918764862157,1.3056923436542842,859.6150518725492,184.37682461366646,buy,141.2100067138672,
2019-07-11,140.11000061035156,1042.5543624382642,1.3945154549698877,847.1688011912886,195.38556124697564,buy,140.11000061035156,
2019-07-12,134.30000305175778,1034.4459304356808,1.8636601790228013,784.1563627054791,250.28956773020167,buy,134.30000305175778,
2019-07-15,134.71000671386722,1035.2098149424173,1.8305532709765995,788.615971519068,246.5938434233493,sell,,134.71000671386722
2019-07-16,132.5,1031.1619154178065,2.00900652839643,764.9685504052796,266.19336501252695,buy,132.5,
2019-07-17,131.86000061035156,1029.8754710322705,2.060685093494369,758.1535333463607,271.7219376859099,buy,131.86000061035156,
2019-07-18,132.07000732421878,1030.3081167576354,2.0437275060198665,760.3930100688842,269.91510668875117,sell,,132.07000732421878
2019-07-19,130.30999755859378,1026.709284462457,2.185844484124832,741.8718950726844,284.83738938977257,buy,130.30999755859378,
2019-07-22,128.63999938964844,1023.0571934822306,2.3206932206754836,724.523218990975,298.5339744912555,buy,128.63999938964844,
2019-07-23,128.83999633789062,1023.5212210102518,2.304543900103786,726.6037933603718,296.91742764988,sell,,128.83999633789062
2019-07-24,129.77999877929688,1025.6870053670636,2.2286407380912117,736.4540130980948,289.23299226896876,sell,,129.77999877929688
2019-07-25,131.1199951171875,1028.6726664235846,2.1204389349352457,750.6407236285809,278.03194279500366,sell,,131.1199951171875
2019-07-26,130.72999572753906,1027.8452848434165,2.1519305412900174,746.5234143746118,281.3218704688048,buy,130.72999572753906,
2019-07-29,133.02000427246094,1032.771994313103,1.967017309218674,771.1193434368304,261.6526508762726,sell,,133.02000427246094
2019-07-30,132.08000183105472,1030.9219907111715,2.0429204712312465,761.0930511302493,269.8289395809222,buy,132.08000183105472,
2019-07-31,130.22000122070312,1027.1202016002703,2.193111493564972,741.5332202311017,285.5869813691687,buy,130.22000122070312,
2019-08-01,130.28999328613278,1027.2736651853743,2.1874597858162605,742.2695443776882,285.00412080768604,sell,,130.28999328613278
2019-08-02,131.07000732421878,1028.9795017574775,2.1244753409925323,750.524503253464,278.4549985040134,sell,,131.07000732421878
2019-08-05,130.16000366210938,1027.045264990661,2.1979561665250618,740.9592823066031,286.0859826840579,buy,130.16000366210938,
2019-08-06,130.77000427246094,1028.3856975319059,2.1486999379071694,747.4001974715488,280.9855000603571,sell,,130.77000427246094
2019-08-07,130.21000671386722,1027.1818420212308,2.1939185283535902,741.5116957146322,285.67014630659867,buy,130.21000671386722,
2019-08-08,131.67999267578122,1030.4060899506944,2.075220344488825,757.1410901877739,273.26499976292064,sell,,131.67999267578122
2019-08-09,132.03999328613278,1031.1529786260146,2.046151074614098,760.9792044715557,270.1737741544589,sell,,132.03999328613278
2019-08-12,131.92999267578122,1030.9277835746113,2.0550333857456593,759.8072440447006,271.12053952991073,buy,131.92999267578122,
2019-08-13,133.41999816894528,1033.9889919885372,1.9347186680752841,775.8588308365087,258.1301611520287,sell,,133.41999816894528
2019-08-14,130.25999450683594,1027.8719501532537,2.1898821222963036,742.6179169323188,285.25403322093473,buy,130.25999450683594,
2019-08-15,130.53999328613278,1028.4849669034381,2.167272827073095,745.5691866080983,282.91578029533986,sell,,130.53999328613278
2019-08-16,131.36000061035156,1030.2617116028723,2.1010590109807,754.2665986380629,275.99511296480944,sell,,131.36000061035156
2019-08-19,132.25,1032.1311776294842,2.0291934871395974,763.7703389552723,268.3608386742118,sell,,132.25
2019-08-20,130.60000610351562,1028.7812807321773,2.1624269219988204,746.3683115207249,282.41296921145243,buy,130.60000610351562,
2019-08-21,131.52999877929688,1030.7918280699753,2.087332026889049,756.2450491212714,274.5467789487039,sell,,131.52999877929688
2019-08-22,131.27000427246094,1030.2488576208793,2.1083260204208365,753.4888919124957,276.7599657083838,buy,131.27000427246094,
2019-08-23,127.7300033569336,1022.7817304492992,2.3941734301509197,716.9739501790409,305.8077802702582,buy,127.7300033569336,
2019-08-26,127.8000030517578,1022.9492857404159,2.3885211063451184,717.6962810603219,305.253004680094,sell,,127.8000030517578
2019-08-27,129.63999938964844,1027.3431927612487,2.2399453857028178,736.9566743258897,290.3865184353591,sell,,129.63999938964844
2019-08-28,128.67999267578122,1025.191832644744,2.3174638494068187,726.9806014766868,298.21123116805717,buy,128.67999267578122,
2019-08-29,128.24000549316406,1024.1717226435758,2.352991861818877,722.4240333585526,301.7476892850231,buy,128.24000549316406,
2019-08-30,128.36000061035156,1024.4540079915535,2.343302515898694,723.6676956205588,300.7863123709947,sell,,128.36000061035156
2019-09-03,128.74000549316406,1025.3442768729062,2.312617944332544,727.6178300159447,297.7264468569615,sell,,128.74000549316406
2019-09-04,128.86000061035156,1025.6217173056903,2.302928598412363,728.8663367086771,296.75538059701313,sell,,128.86000061035156
2019-09-05,128.58000183105472,1024.9766093990047,2.3255378936355715,725.9589427771559,299.0176666218489,buy,128.58000183105472,
2019-09-06,128.21000671386722,1024.115788689403,2.35541419829892,722.1281185115603,301.9876701778427,buy,128.21000671386722,
2019-09-09,126.9499969482422,1021.146652169331,2.4571572589175528,709.2105456483965,311.9361065209345,buy,126.9499969482422,
2019-09-10,129.55000305175778,1027.5339161219272,2.2472123951429577,736.4075434732091,291.1263726487181,sell,,129.55000305175778
2019-09-11,131.16999816894528,1031.1735313047652,2.1164012967637778,753.5651770835071,277.60835422125814,sell,,131.16999816894528
2019-09-12,130.42999267578122,1029.6066033501104,2.1761551382046562,745.7707046127134,283.835898737397,buy,130.42999267578122,
2019-09-13,130.77999877929688,1030.3680861239254,2.1478929031185476,749.4666548760214,280.9014312479041,sell,,130.77999877929688
2019-09-16,129.53999328613278,1027.7033900704084,2.248020662045759,736.494808601913,291.2085814684954,buy,129.53999328613278,
2019-09-17,129.66999816894528,1027.995575671866,2.2375230492227747,737.8559659761759,290.13960969569007,sell,,129.66999816894528
2019-09-18,130.41000366210938,1029.650965394438,2.177769207781896,745.6480750323718,284.0028903620661,sell,,130.41000366210938
2019-09-19,130.11000061035156,1028.9973127998474,2.2019938046965315,742.4958975267912,286.50141527305607,buy,130.11000061035156,
2019-09-20,131.64999389648438,1032.387549933952,2.077642680968868,758.865903665325,273.5216462686269,sell,,131.64999389648438
2019-09-23,131.74000549316406,1032.5745139930868,2.0703744394145502,759.8233739717074,272.75114002137934,sell,,131.74000549316406
2019-09-24,131.55000305175778,1032.1809359671986,2.085716725197628,757.8048944023484,274.3760415648502,buy,131.55000305175778,
2019-09-25,130.99000549316406,1031.0123473748288,2.1309353156440487,751.8811186730375,279.13122870179126,buy,130.99000549316406,
2019-09-26,128.85000610351562,1026.449920567773,2.303735633200983,729.6135701689399,296.8363503988331,buy,128.85000610351562,
2019-09-27,128.60000610351562,1025.873727055171,2.32392259194415,727.0172675470553,298.85645950811556,buy,128.60000610351562,
2019-09-30,129.3800048828125,1027.6859764016494,2.260939379234605,735.1656284765331,292.52034792511625,sell,,129.3800048828125
2019-10-01,129.99000549316406,1029.064830662079,2.2116831506167127,741.5681257642741,287.4967048978049,sell,,129.99000549316406
2019-10-02,132.0,1033.509230447829,2.049380445882763,762.9910115913042,270.5182188565247,sell,,132.0
2019-10-03,131.19000244140622,1031.8483792346183,2.1147859950723547,754.4095993780244,277.4387798565939,buy,131.19000244140622,
2019-10-04,133.66000366210938,1037.0705703179583,1.9153387441207368,781.0663867646007,256.0041835533577,sell,,133.66000366210938
2019-10-07,133.16000366210938,1036.112363326798,1.955712661607068,775.6896581451671,260.4227051816308,buy,133.16000366210938,
2019-10-08,131.83999633789062,1033.5294030367686,2.062300395185792,761.6357264878435,271.8936765489252,buy,131.83999633789062,
2019-10-09,129.22000122070312,1028.1234523066455,2.273859328537636,734.295347097305,293.8281052093405,buy,129.22000122070312,
2019-10-10,129.05999755859378,1027.7594597420955,2.2867792778406635,732.6277317269365,295.1317280151589,buy,129.05999755859378,
2019-10-11,131.33000183105472,1032.949254847092,2.1034813474607432,756.6990456334834,276.25020921360885,sell,,131.33000183105472
2019-10-14,130.72000122070312,1031.6654860638514,2.152737576078639,750.2596274909982,281.4058585728532,buy,130.72000122070312,
2019-10-15,132.83999633789062,1036.22814220288,1.981552560213128,772.9987073608304,263.2294348420497,sell,,132.83999633789062
2019-10-16,135.16999816894528,1040.8438917347403,1.7934099568731199,798.4286711480324,242.41522058670785,sell,,135.16999816894528
2019-10-17,136.16999816894528,1042.6367519199864,1.7126621219004559,809.4235539167794,233.21319800320703,sell,,136.16999816894528
2019-10-18,127.6999969482422,1028.121767816536,2.396596382688056,722.076417061103,306.04535075543305,buy,127.6999969482422,
2019-10-21,128.02000427246094,1028.888530810996,2.370756484081996,725.3842755898543,303.5042552211416,sell,,128.02000427246094
2019-10-22,129.19999694824222,1031.6853905775122,2.2754746302290574,737.6940752961154,293.9913152813968,sell,,129.19999694824222
2019-10-23,129.89999389648438,1033.277848756061,2.2189513921710304,745.0360764564488,288.24177229961236,sell,,129.89999389648438
2019-10-24,127.5,1027.9499080807889,2.4127457032597537,720.3248309151702,307.6250771656186,buy,127.5,
2019-10-25,128.35000610351562,1030.0003161822606,2.3441095506873157,729.1338410442344,300.86647513802626,sell,,128.35000610351562
2019-10-28,129.17999267578122,1031.9454627535576,2.277089931920486,737.7910020259741,294.1544607275835,sell,,129.17999267578122
2019-10-29,129.1199951171875,1031.808780362529,2.2819346048805738,737.1653953226082,294.6433850399209,buy,129.1199951171875,
2019-10-30,132.83999633789062,1040.2955847407638,1.981552560213128,777.0661498987141,263.2294348420497,sell,,132.83999633789062
2019-10-31,132.03999328613278,1038.709483686634,2.046151074614098,768.5357095321751,270.1737741544589,buy,132.03999328613278,
2019-11-01,131.19999694824222,1036.989834375348,2.1139789602837276,759.6358012374748,277.35403313787333,buy,131.19999694824222,
2019-11-04,130.22999572753906,1034.9382521703988,2.1923044587763503,749.4344518704897,285.50380029990896,buy,130.22999572753906,
2019-11-05,130.41999816894528,1035.3546953228276,2.176962172993276,751.4352927071815,283.9194026156462,sell,,130.41999816894528
2019-11-06,130.96000671386722,1036.5299879757986,2.133357652124092,757.1454555305476,279.38453244525107,sell,,130.96000671386722
2019-11-07,131.42999267578122,1037.532386733335,2.0954073032319904,762.1330202167759,275.399366516559,sell,,131.42999267578122
2019-11-08,133.0,1040.8213484949265,1.968632610910099,778.9932112438835,261.82813725104313,sell,,133.0
2019-11-11,131.97999572753906,1038.8122477922498,2.050995747574188,768.1218377902078,270.6904100020421,buy,131.97999572753906,
2019-11-12,131.35000610351562,1037.5194735709642,2.101866045769322,761.4393556303914,276.0801179405727,buy,131.35000610351562,
2019-11-13,131.27000427246094,1037.3512356385809,2.1083260204208365,760.5912699301971,276.7599657083838,buy,131.27000427246094,
2019-11-14,130.96000671386722,1036.6973319052652,2.133357652124092,757.3127994600142,279.38453244525107,buy,130.96000671386722,
2019-11-15,134.94000244140622,1045.1859179218627,1.8119816139248623,800.6771145150586,244.5088034068041,sell,,134.94000244140622
2019-11-18,134.83000183105472,1044.9864790781826,1.8208639250564183,799.4793927287243,245.50708634945835,buy,134.83000183105472,
2019-11-19,134.82000732421878,1044.9682695607928,1.82167095984504,799.3705774121678,245.59769214862496,buy,134.82000732421878,
2019-11-20,135.94000244140622,1047.0079174394118,1.7312337789521983,811.663993302005,235.34392413740676,sell,,135.94000244140622
2019-11-21,136.44000244140622,1047.8732588980179,1.6908598614658654,817.1723352715394,230.70092362647847,sell,,136.44000244140622
2019-11-22,138.07000732421878,1050.6284600940226,1.5592404961838806,835.3441133656956,215.2843467283269,sell,,138.07000732421878
2019-11-25,137.17999267578122,1049.2397273438762,1.63110725213917,825.4844464420113,223.75528090186498,buy,137.17999267578122,
2019-11-26,137.16999816894528,1049.2234141611984,1.6319142869277918,825.3737344114377,223.84967974976087,buy,137.16999816894528,
2019-11-27,137.75,1050.1696048673089,1.5850803947899426,831.8247804849943,218.34482438231458,sell,,137.75
2019-11-29,137.49000549316406,1049.7572040253417,1.6060743883217299,828.9380275525568,220.81917647278476,buy,137.49000549316406,
2019-12-02,137.36000061035156,1049.5482623174894,1.6165720011447142,827.4959312535741,222.0523310639152,buy,137.36000061035156,
2019-12-03,137.16000366210938,1049.2247313465598,1.63272132171641,825.2806688807328,223.94406246582687,buy,137.16000366210938,
2019-12-04,139.3800048828125,1052.8481254088179,1.4534610295079613,850.2647200190206,202.58340538979732,sell,,139.3800048828125
2019-12-05,139.55999755859378,1053.1096363302809,1.4389270106276868,852.2929862400863,200.8166500901946,sell,,139.55999755859378
2019-12-06,140.3800048828125,1054.2891022632205,1.3727131945352973,861.5876173116543,192.7014849515662,sell,,140.3800048828125
2019-12-09,140.5,1054.4537530762086,1.3630238486151143,862.948902345785,191.50485073042356,sell,,140.5
2019-12-10,139.99000549316406,1053.7580419085548,1.404204800890069,857.1834041184268,196.5746377901281,buy,139.99000549316406,
2019-12-11,140.97999572753906,1055.1476274545003,1.3242652328202063,868.452720589379,186.6949068651212,sell,,140.97999572753906
2019-12-12,141.33999633789062,1055.6241583140581,1.2951959629454795,872.5611656544933,183.0629926595648,sell,,141.33999633789062
2019-12-13,141.3800048828125,1055.6759543827882,1.2919653595626315,873.0178855393987,182.65806884338946,sell,,141.3800048828125
2019-12-16,141.7899932861328,1056.2054104950219,1.258859683630618,877.7117044048533,178.49370609016862,sell,,141.7899932861328
2019-12-17,143.55999755859375,1058.4325716049298,1.1159356707370307,898.228849438374,160.20372216655582,sell,,143.55999755859375
2019-12-18,143.19000244140625,1058.019253056848,1.1458119754003793,893.9504335018752,164.06881955497283,buy,143.19000244140625,
2019-12-19,145.35000610351562,1060.4929435542356,0.9713963561520202,919.3004772586065,141.19246629562898,sell,,145.35000610351562
2019-12-20,146.05999755859375,1061.1822079836218,0.9140660833053698,927.6737180876462,133.50848989597566,sell,,146.05999755859375
2019-12-23,146.44000244140625,1061.5293328860544,0.8833815117392199,932.16694215027,129.3623907357845,sell,,146.44000244140625
2019-12-24,145.92999267578125,1061.0781987167084,0.9245636961283541,926.1566253124043,134.92157340430396,buy,145.92999267578125,
2019-12-26,145.8300018310547,1060.9856330679404,0.9326377403571122,924.979069683952,136.00656338398838,buy,145.8300018310547,
2019-12-27,145.75,1060.9109261868705,0.9390977150086268,924.0374342243632,136.87349196250736,buy,145.75,
2019-12-30,145.3000030517578,1060.487807114866,0.97543399432349,918.7572447628745,141.7305623519914,buy,145.3000030517578,
2019-12-31,145.8699951171875,1061.0434610640943,0.9294083690884438,925.4706668032898,135.5727942608045,sell,,145.8699951171875
2020-01-02,145.97000122070312,1061.1363486362566,0.9213330927455061,926.649355963521,134.4869926727357,sell,,145.97000122070312
2020-01-03,144.27999877929688,1059.5773245570413,1.057797130987577,906.95835578941,152.61896876763137,buy,144.27999877929688,
2020-01-06,144.10000610351562,1059.3867193857802,1.0723311498678498,904.8637941448332,154.5229252409471,buy,144.10000610351562,
2020-01-07,144.97999572753906,1060.3298445771406,1.0012738929295484,915.1651598581184,145.16468471902232,sell,,144.97999572753906
2020-01-08,144.9600067138672,1060.309806702052,1.002887962506792,914.9311609238108,145.37864577824115,buy,144.9600067138672,
2020-01-09,145.38999938964844,1060.7407887764134,0.9681669848833536,919.9789914351447,140.76179734126856,sell,,145.38999938964844
2020-01-10,145.05999755859375,1060.4209053582258,0.9948139182780338,916.1132008015591,144.30770455666666,buy,145.05999755859375,
2020-01-13,145.6999969482422,1061.0572091803986,0.9431353531800966,923.6423911002792,137.41481808011937,sell,,145.6999969482422
2020-01-14,146.52000427246094,1061.830101995305,0.8769215370877035,933.3435546346017,128.48654736070333,sell,,146.52000427246094
2020-01-15,147.00999450683594,1062.2594941574873,0.8373558865041737,939.159809882242,123.09968427524531,sell,,147.00999450683594
2020-01-16,148.1999969482422,1063.2552376789731,0.7412657657484356,953.3996534572185,109.85558422175457,sell,,148.1999969482422
2020-01-17,149.1699981689453,1063.9736821858912,0.6629402672558165,965.0828837332209,98.89079845267025,sell,,149.1699981689453
2020-01-21,149.27000427246094,1064.0399199890564,0.654864990912877,966.2882199976061,97.75169999145024,sell,,149.27000427246094
2020-01-22,148.25,1063.3707338669392,0.7372281275769659,954.0766639536539,109.29406991328518,buy,148.25,
2020-01-23,148.52999877929688,1063.5769889347944,0.7146188323537537,957.4346546376288,106.14233429716559,sell,,148.52999877929688
2020-01-24,148.32000732421875,1063.426673589687,0.7315751877140713,954.9194363897193,108.50723719996776,buy,148.32000732421875,
2020-01-27,148.75,1063.7409873249162,0.696854210090633,960.0839235739346,103.65706375098165,sell,,148.75
2020-01-28,149.5,1064.2631752899345,0.6362933338611345,969.1373218776948,95.12585341223961,sell,,149.5
2020-01-29,150.5399932861328,1064.924283988758,0.5523161276198039,981.7786178450498,83.14566614370814,sell,,150.5399932861328
2020-01-30,150.36000061035156,1064.8246525975617,0.5668501465000766,979.5930642238324,85.2315883737294,buy,150.36000061035156,
2020-01-31,148.8699951171875,1063.9782516403325,0.6871648641704518,961.6800216665746,102.29822997375797,buy,148.8699951171875,
2020-02-03,150.1699981689453,1064.8707798753196,0.5821924322831507,977.4429433853851,87.42783648993455,sell,,150.1699981689453
2020-02-04,151.60000610351562,1065.7024444099573,0.466722387572867,994.9473276052631,70.75511680469403,sell,,151.60000610351562
2020-02-05,153.99000549316406,1066.8164247258046,0.2737351112727655,1024.6639534372396,42.15247128856504,sell,,153.99000549316406
2020-02-06,153.52999877929688,1066.6899344565845,0.3108796574904318,1018.9605810215702,47.729353435014225,buy,153.52999877929688,
2020-02-07,151.88999938964844,1066.1780805834635,0.44330605756103303,998.8443237710907,67.33375681237276,buy,151.88999938964844,
2020-02-10,151.86000061035156,1066.1647451572796,0.44572839404107967,998.4764309661504,67.68831419112938,buy,151.86000061035156,
2020-02-11,151.99000549316406,1066.2226122483016,0.43523078121809533,1000.0718834201693,66.1507288281324,sell,,151.99000549316406
2020-02-12,151.08999633789062,1065.8298025322708,0.5079045719620012,989.0905026145342,76.73929991773667,buy,151.08999633789062,
2020-02-13,150.08999633789062,1065.3206860160833,0.588652406934667,976.9698484149686,88.35083760111468,buy,150.08999633789062,
2020-02-14,150.1300048828125,1065.3442128918243,0.585421803551819,977.4548346660849,87.88937822573949,sell,,150.1300048828125
2020-02-18,149.13999938964844,1064.763449853401,0.6653626037358613,965.5312715383398,99.23217831506125,buy,149.13999938964844,
2020-02-19,148.94000244140625,1064.6301388351949,0.6815119243075571,963.1257511649798,101.50438767021504,buy,148.94000244140625,
2020-02-20,148.3699951171875,1064.2409891463371,0.7275387816567829,956.2960636643556,107.94492548198141,buy,148.3699951171875,
2020-02-21,149.92999267578125,1065.3750035622418,0.6015723562376962,975.1812645975716,90.19373896467026,sell,,149.92999267578125
2020-02-24,145.91000366210938,1062.9519529815893,0.9261777657055958,927.8133517957215,135.13860118586777,buy,145.91000366210938,
2020-02-25,144.64999389648438,1061.7834882387856,1.0279208263242303,913.0947469849166,148.6887412538691,buy,144.64999389648438,
2020-02-26,143.67999267578125,1060.78527840176,1.1062463248168495,901.8398145544652,158.94546384729486,buy,143.67999267578125,
2020-02-27,139.1199951171875,1055.735675325021,1.47445625515393,850.6093283074996,205.1263470175213,buy,139.1199951171875,
2020-02-28,134.47999572753906,1048.8891606403213,1.849126160142525,800.2186825246737,248.67047811564748,buy,134.47999572753906,
2020-03-02,140.02000427246094,1059.1302035148399,1.4017824644100223,862.8526168590878,196.27758665575215,sell,,140.02000427246094
2020-03-03,135.58999633789062,1052.9154458370735,1.7594960140383016,814.3453877370871,238.57005809998645,buy,135.58999633789062,
2020-03-04,143.47999572753906,1066.793297756016,1.1223956453885453,905.7519753510591,161.04132240495693,sell,,143.47999572753906
2020-03-05,142.00999450683594,1065.1416891368417,1.2410950613674974,888.8937862895823,176.24790284725952,buy,142.00999450683594,
2020-03-06,142.02999877929688,1065.1665048695345,1.2394797596760725,889.1231961157787,176.04330875375575,sell,,142.02999877929688
2020-03-09,136.44000244140622,1058.2316589218367,1.6908598614658654,827.5307352953581,230.70092362647847,buy,136.44000244140622,
2020-03-10,141.63999938964844,1067.0211513910524,1.2709713660308442,887.000767882183,180.0203835088694,sell,,141.63999938964844
2020-03-11,131.80000305175778,1054.504325523785,2.0655297664544623,782.2674960015903,272.2368295221947,buy,131.80000305175778,
2020-03-12,125.41000366210938,1041.2991206888257,2.581508382645218,717.5521449675228,323.7469757213029,buy,125.41000366210938,
2020-03-13,134.28999328613278,1064.2180737766303,1.8644684459256027,813.8386186910747,250.3794550855556,sell,,134.28999328613278
2020-03-16,127.12999725341795,1050.861137026774,2.442622623980192,740.3305295490358,310.5306074777384,buy,127.12999725341795,
2020-03-17,136.58999633789062,1073.9631279329574,1.6787481790656358,844.6629203021415,229.30020763081575,sell,,136.58999633789062
2020-03-18,134.96000671386722,1071.2250095013185,1.810366312233434,826.8979598477353,244.3270496535833,buy,134.96000671386722,
2020-03-19,127.0500030517578,1056.8968904590058,2.449081982574617,745.7410170988958,311.1558733601101,buy,127.0500030517578,
2020-03-20,119.88999938964844,1039.3545229971742,3.027236776686296,676.419107687933,362.9354153092413,buy,119.88999938964844,
2020-03-23,111.13999938964844,1012.8583486761308,3.73378033269711,597.8860047790927,414.9723438970382,buy,111.13999938964844,
2020-03-24,119.18000030517578,1042.8740773111003,3.084567665590038,675.2553019847443,367.61877532635606,sell,,119.18000030517578
2020-03-25,119.4000015258789,1043.5525799080751,3.0668030433269173,677.3762918552712,366.176288052804,sell,,119.4000015258789
2020-03-26,126.56999969482422,1065.5378881533197,2.4878412144266147,750.651826402572,314.88606175074773,sell,,126.56999969482422
2020-03-27,123.16000366210938,1057.050968273901,2.7631910113337135,716.7363531989331,340.31461507496783,buy,123.16000366210938,
2020-03-30,133.00999450683594,1084.2630848601602,1.9678255761214771,822.5226157898314,261.7404690703289,sell,,133.00999450683594
2020-03-31,131.1300048828125,1080.5616025749196,2.1196306680324426,802.6144227260663,277.9471798488533,buy,131.1300048828125,
2020-04-01,128.80999755859378,1075.641630831033,2.306966236583829,778.4813155289116,297.1603153021213,buy,128.80999755859378,
2020-04-02,133.14999389648438,1085.6515227599125,1.956520928509871,825.1407730704792,260.5107496894333,sell,,133.14999389648438
2020-04-03,134.16999816894528,1087.646629933057,1.8741577918457857,836.1908824327934,251.4557475002636,sell,,134.16999816894528
2020-04-06,139.75999450683594,1098.120010882077,1.422777690055991,899.2726087354029,198.84740214667403,sell,,139.75999450683594
2020-04-07,137.47999572753906,1094.873548410556,1.606882655224533,873.9593278356305,220.91422057492542,buy,137.47999572753906,
2020-04-08,143.25999450683594,1104.157985063893,1.140160267651666,940.8186313832027,163.33935368069027,sell,,143.25999450683594
2020-04-09,141.22999572753906,1101.8411460984225,1.3040782740770407,917.6661770221456,184.17496907627697,buy,141.22999572753906,
2020-04-13,139.77000427246094,1099.935555196876,1.4219694231531896,901.1868828474459,198.74867234943014,buy,139.77000427246094,
2020-04-14,146.02999877929688,1108.8333852051885,0.9164884197854146,974.9985823826846,133.83480282250383,sell,,146.02999877929688
2020-04-15,147.66000366210938,1110.3262940586817,0.7848690545034334,994.4325265964285,115.8937674622533,sell,,147.66000366210938
2020-04-16,149.6699981689453,1111.9026619545432,0.6225663497694836,1018.7231575244977,93.17950443004557,sell,,149.6699981689453
2020-04-17,152.02000427246094,1113.3642543264682,0.4328084447380487,1047.5687127082329,65.79554161823533,sell,,152.02000427246094
2020-04-20,151.6699981689453,1113.2123400758426,0.46107067982415373,1043.2817509111587,69.93058916468377,buy,151.6699981689453,
2020-04-21,149.67999267578125,1112.2924017028822,0.6217593149808618,1019.2274719904481,93.06492971243416,buy,149.67999267578125,
2020-04-22,152.99000549316406,1114.34838847414,0.3544829462454313,1060.1160405808184,54.23234789332152,sell,,152.99000549316406
2020-04-23,155.50999450683594,1115.2400994170932,0.15099928923652683,1091.758200777385,23.48189863970842,sell,,155.50999450683594
2020-04-24,154.86000061035156,1115.141138008713,0.20348488912308582,1083.6294679549146,31.51167005379839,buy,154.86000061035156,
2020-04-27,154.2899932861328,1115.024439983194,0.24951174647231156,1076.5272742951697,38.497165688024225,buy,154.2899932861328,
2020-04-28,151.38999938964844,1114.2973123685251,0.48367997504736593,1041.0730012413192,73.2243111272059,buy,151.38999938964844,
2020-04-29,150.24000549316406,1113.7396882279288,0.5765394924202578,1027.1203917196833,86.61929650824555,buy,150.24000549316406,
2020-04-30,150.0399932861328,1113.6241309687275,0.592690045106135,1024.6969205802452,88.92721038848225,buy,150.0399932861328,
2020-05-01,148.2899932861328,1112.584827923008,0.7339987563082992,1003.7401572780207,108.84467064498753,buy,148.2899932861328,
2020-05-04,148.27000427246094,1112.5701320800229,0.735612825885541,1003.5008152430967,109.06931683692623,buy,148.27000427246094,
2020-05-05,149.5,1113.474190299782,0.6362933338611345,1018.3483368875426,95.12585341223961,sell,,149.5
2020-05-06,148.0800018310547,1112.5689570191605,0.7509551116686168,1001.3675227082318,111.20143431092866,buy,148.0800018310547,
2020-05-07,147.58999633789062,1112.200400921716,0.790521994366328,995.5272626681676,116.67313825354834,buy,147.58999633789062,
2020-05-08,148.6999969482422,1113.0772144178363,0.7008918482621027,1008.8545987202139,104.2226156976225,sell,,148.6999969482422
2020-05-11,149.11000061035156,1113.3643358138124,0.6677849402159062,1013.7909229706352,99.57341284317735,sell,,149.11000061035156
2020-05-12,147.13999938964844,1112.0464580614012,0.8268582736811894,990.3825321766252,121.66392588477596,buy,147.13999938964844,
2020-05-13,147.1300048828125,1112.0381821468293,0.8276653084698111,990.2637812703315,121.77440087649782,buy,147.1300048828125,
2020-05-14,147.63999938964844,1112.459982909859,0.7864843561948582,996.3434330412822,116.11654986857691,sell,,147.63999938964844
2020-05-15,150.44000244140625,1114.6604408268822,0.560390171848562,1030.3553420058445,84.30509882103773,sell,,150.44000244140625
2020-05-18,150.52000427246094,1114.7052244489644,0.5539301971970456,1031.32764880022,83.37757564874444,sell,,150.52000427246094
2020-05-19,149.02000427246094,1113.872524196762,0.6750519496560425,1013.2762797748854,100.59624442187655,buy,149.02000427246094,
2020-05-20,147.67999267578125,1112.9663488135159,0.7832549849261916,997.2952583763469,115.67109043716913,buy,147.67999267578125,
2020-05-21,146.7100067138672,1112.2054533781738,0.8615792513046294,985.8031556347429,126.40229774343085,buy,146.7100067138672,
2020-05-22,144.3699951171875,1110.186620055041,1.0505301215474407,958.5215915367785,151.6650285182624,buy,144.3699951171875,
2020-05-26,144.55999755859375,1110.386112448866,1.0351878357643667,960.7393614380832,149.6467510107828,sell,,144.55999755859375
2020-05-27,144.88999938964844,1110.7275332864456,1.0085409023696847,964.6000425576665,146.1274907287791,sell,,144.88999938964844
2020-05-28,146.97000122070312,1112.8240659880034,0.8405852577728421,989.2832496270239,123.54081636097965,sell,,146.97000122070312
2020-05-29,148.75,1114.319237721067,0.696854210090633,1010.6621739700854,103.65706375098165,sell,,148.75
2020-06-01,147.19000244140625,1113.2302927547832,0.8228206355097214,992.119321405268,121.11097134951534,buy,147.19000244140625,
2020-06-02,148.25,1114.1018461651192,0.7372281275769659,1004.807776251834,109.29406991328518,sell,,148.25
2020-06-03,148.64999389648438,1114.3964928568262,0.7049294864335724,1009.6087290010237,104.78776385580241,sell,,148.64999389648438
2020-06-04,146.72999572753906,1113.0407546949473,0.8599651817273859,986.8580672542556,126.18268744069168,buy,146.72999572753906,
2020-06-05,147.3000030517578,1113.5306021592937,0.8139383243781602,993.637484494448,119.89311766484563,sell,,147.3000030517578
2020-06-08,146.77000427246094,1113.0985877203125,0.8567345783445379,987.3556499963197,125.74293772399285,buy,146.77000427246094,
2020-06-09,145.9600067138672,1112.4036801440507,0.9221401275341279,977.8081009380431,134.59557920600764,buy,145.9600067138672,
2020-06-10,147.8000030517578,1114.0993166271373,0.7735644068918273,999.766494927794,114.33282169934328,sell,,147.8000030517578
2020-06-11,140.8699951171875,1108.7306263020973,1.3331475439517675,920.9301382951213,187.800488006976,buy,140.8699951171875,
2020-06-12,142.14999389648438,1110.436318920207,1.2297904137558913,935.621619110852,174.81469980935495,sell,,142.14999389648438
2020-06-15,141.25,1109.3284885539808,1.3024629723856158,925.3555937045127,183.97289484946825,buy,141.25,
2020-06-16,144.4600067138672,1113.5075312303247,1.0432618799931248,962.7979130421962,150.7096181881285,sell,,144.4600067138672
2020-06-17,144.02000427246094,1113.0479817639068,1.0787911245193644,957.6804794015351,155.3675023623718,buy,144.02000427246094,
2020-06-18,143.41000366210938,1112.3892121359156,1.1280473531372586,950.6159370914686,161.77327504444705,buy,143.41000366210938,
2020-06-19,143.8300018310547,1112.862746066594,1.0941334103024403,955.4935356593758,157.3692104072181,sell,,143.8300018310547
2020-06-22,143.38999938964844,1112.3808152410015,1.1296626548286817,950.3984878546082,161.9823273863933,buy,143.38999938964844,
2020-06-23,142.86000061035156,1111.7814840256383,1.1724589087950594,944.2840035995639,167.4974804260743,buy,142.86000061035156,
2020-06-24,139.82000732421878,1108.2137846127,1.4179317849817181,909.9585520513136,198.25523256138644,buy,139.82000732421878,
2020-06-25,139.66999816894528,1108.0009126823247,1.4300446994961309,908.2665721221902,199.7343405601345,buy,139.66999816894528,
2020-06-26,137.80999755859378,1105.3389588859898,1.5802357218298493,887.5666779186156,217.7722809673742,buy,137.80999755859378,
2020-06-29,139.03999328613278,1107.2819516032698,1.4809162298054463,901.3753689537955,205.90658264947433,sell,,139.03999328613278
2020-06-30,140.6300048828125,1109.6357228080974,1.35252623579213,919.4299516645182,190.20577114357926,sell,,140.6300048828125
2020-07-01,140.3800048828125,1109.2973078646128,1.3727131945352973,916.5958229130465,192.7014849515662,buy,140.3800048828125,
2020-07-02,140.97000122070312,1110.1068678252864,1.325072267608828,923.31142864295,186.79543918233634,sell,,140.97000122070312
2020-07-06,142.97999572753906,1112.7690955023393,1.1627695628748782,946.5163083703767,166.25278713196255,sell,,142.97999572753906
2020-07-07,142.85000610351562,1112.6177975832304,1.1732659435836812,945.0167503812545,167.6010472019759,buy,142.85000610351562,
2020-07-08,143.27000427246094,1113.1103241886847,1.139352000748863,949.8753581735582,163.2349660151265,sell,,143.27000427246094
2020-07-09,142.49000549316406,1112.2207335710787,1.202335213458408,940.8999824007655,171.32075117031314,buy,142.49000549316406,
2020-07-10,142.3699951171875,1112.0763029053069,1.2120257914927706,939.5201968885758,172.55610601673106,buy,142.3699951171875,
2020-07-13,145.2100067138672,1115.5168051959229,0.9827010037636263,972.8187858416827,142.69801935424022,sell,,145.2100067138672
2020-07-14,147.9199981689453,1118.1782980823662,0.763875060971646,1005.1859004621373,112.99239762022887,sell,,147.9199981689453
2020-07-15,148.25999450683594,1118.437809289444,0.7364210927883441,1009.2560221179259,109.18178717151801,sell,,148.25999450683594
2020-07-16,149.25,1119.1662736583648,0.6564802926043001,1021.1865899871731,97.9796836711918,sell,,149.25
2020-07-17,149.35000610351562,1119.2318653923344,0.6484050162613624,1022.3925722561498,96.83929313618462,sell,,149.35000610351562
2020-07-20,149.60000610351562,1119.3938156479421,0.628218057518195,1025.4123904088815,93.98142523906071,sell,,149.60000610351562
2020-07-21,149.74000549316406,1119.4816811546611,0.6169134099065907,1027.1050637664416,92.37661738821947,sell,,149.74000549316406
2020-07-22,150.00999450683594,1119.648077479116,0.5951123815861816,1030.3752723864227,89.27280509269316,sell,,150.00999450683594
2020-07-23,149.61000061035156,1119.4095529387869,0.627411022729575,1025.542589445274,93.86696349351303,buy,149.61000061035156,
2020-07-24,148.1199951171875,1118.472924966909,0.7477257403999502,1007.7197919498728,110.75313301703603,buy,148.1199951171875,
2020-07-27,147.17999267578125,1117.7689438027476,0.8236289024125227,996.5472479781108,121.22169582463684,buy,147.17999267578125,
2020-07-28,146.8300018310547,1117.4802662711393,0.8518899053844464,992.397269903684,125.08299636745527,buy,146.8300018310547,
2020-07-29,146.5399932861328,1117.2328677583055,0.8753074675104617,988.9653173460205,128.26755041228498,buy,146.5399932861328,
2020-07-30,146.83999633789062,1117.495284812799,0.8510828705958264,992.5222792112663,124.97300560153259,sell,,146.83999633789062
2020-07-31,145.75999450683594,1116.5748426131909,0.9382906802200051,979.8095982185076,136.7652443946833,buy,145.75999450683594,
2020-08-03,147.35000610351562,1118.0657897624772,0.8099006862066904,998.7269187066798,119.33887105579733,sell,,147.35000610351562
2020-08-04,147.22000122070312,1117.9603441728198,0.8203982990296748,997.1813055882084,120.77903858461148,buy,147.22000122070312,
2020-08-05,148.39999389648438,1118.9277011655718,0.725116445176738,1011.3204251271034,107.60727603846837,sell,,148.39999389648438
2020-08-06,147.5500030517578,1118.3103461175385,0.7937513656349946,1001.1923296957582,117.11801642178038,buy,147.5500030517578,
2020-08-07,148.60000610351562,1119.143157517701,0.7089658924908608,1013.7908215663746,105.35233595132632,sell,,148.60000610351562
2020-08-10,148.02999877929688,1118.738360430796,0.7549927498400866,1006.9767845935901,111.76157583720601,buy,148.02999877929688,
2020-08-11,146.97000122070312,1117.93681200611,0.8405852577728421,994.3959956451304,123.54081636097965,buy,146.97000122070312,
2020-08-12,149.66000366210938,1120.1963630052421,0.6233733845581053,1026.9022999894146,93.29406301582756,sell,,149.66000366210938
2020-08-13,148.0,1119.159577086828,0.7574150863201314,1007.0621443114486,112.09743277537945,buy,148.0,
2020-08-14,148.24000549316406,1119.3412172241485,0.7380351623655876,1009.9348807009256,109.40633652322295,sell,,148.24000549316406
2020-08-17,148.99000549316406,1119.8942924476587,0.6774742861360892,1018.9573948347653,100.93689761289333,sell,,148.99000549316406
2020-08-18,150.08999633789062,1120.63884139617,0.588652406934667,1032.2880037950551,88.35083760111468,sell,,150.08999633789062
2020-08-19,150.38999938964844,1120.815256757819,0.56442781002003,1035.9309587534062,84.88429800441291,sell,,150.38999938964844
2020-08-20,151.4199981689453,1121.3959870317804,0.48125763856732107,1048.5239562811257,72.8720307506547,sell,,151.4199981689453
2020-08-21,152.75999450683594,1122.0400440596995,0.37305583541135334,1065.0520366915182,56.98800736818143,sell,,152.75999450683594
2020-08-24,152.14999389648438,1121.8117303389151,0.4223120640292457,1057.5569523744537,64.25477796446145,buy,152.14999389648438,
2020-08-25,152.05999755859375,1121.7736132975617,0.42957907346938207,1056.4518204345845,65.3217928629772,buy,152.05999755859375,
2020-08-26,152.3000030517578,1121.8765670568189,0.41019914951483827,1059.4032353338805,62.473331722938326,sell,,152.3000030517578
2020-08-27,152.97999572753906,1122.1550794833072,0.35529121314823264,1067.8026312138584,54.3524482694488,sell,,152.97999572753906
2020-08-28,153.63999938964844,1122.3891635816174,0.30199734635887054,1075.990291471365,46.39887211025232,sell,,153.63999938964844
2020-08-31,153.41000366210938,1122.3194205744292,0.320569003410613,1073.1409285872483,49.17849198718089,buy,153.41000366210938,
2020-09-01,151.52000427246094,1121.711232955965,0.4731823622243816,1050.0146394100734,71.69659354589146,buy,151.52000427246094,
2020-09-02,153.8300018310547,1122.8028483827152,0.2866550605757965,1078.7066998894593,44.09614849325587,sell,,153.8300018310547
2020-09-03,149.5500030517578,1121.570796615768,0.6322556956896648,1027.0169553958872,94.55384121988062,buy,149.5500030517578,
2020-09-04,148.58999633789062,1120.962675056201,0.7097741593936622,1015.4973353111675,105.46533974503366,buy,148.58999633789062,
2020-09-08,147.25999450683594,1120.0170926292722,0.8171689277610081,999.6808008160292,120.33629181324307,buy,147.25999450683594,
2020-09-09,149.6999969482422,1122.0095120765957,0.6201440132894387,1029.1739551796961,92.83555689689963,sell,,149.6999969482422
2020-09-10,146.91000366210938,1120.2760047675872,0.8454299307329318,996.0738905475553,124.20211422003189,buy,146.91000366210938,
2020-09-11,147.77999877929688,1121.0110056003618,0.7751797085832521,1006.4549492121931,114.55605638816871,sell,,147.77999877929688
2020-09-14,148.35000610351562,1121.4525223076116,0.7291528512340264,1013.282692376648,108.16982993096364,sell,,148.35000610351562
2020-09-15,148.88999938964844,1121.8459353471608,0.6855495624790269,1019.7744614080848,102.07147393907607,sell,,148.88999938964844
2020-09-16,148.39999389648438,1121.509425123195,0.725116445176738,1013.9021490847265,107.60727603846837,buy,148.39999389648438,
2020-09-17,147.1699981689453,1120.616073308713,0.8244359372011445,999.283837940408,121.33223536830515,buy,147.1699981689453,
2020-09-18,149.17999267578125,1122.2719743979105,0.6621332324671947,1023.494943628063,98.77703076984747,sell,,149.17999267578125
2020-09-21,145.10000610351562,1119.5656993794962,0.9915833148951858,975.6869543360606,143.8787450434357,buy,145.10000610351562,
2020-09-22,144.2100067138672,1118.6821544616864,1.0634488387362904,965.3221902876718,153.3599641740147,buy,144.2100067138672,
2020-09-23,144.44000244140625,1118.9266090265428,1.044877181684548,968.004546353057,150.92206267348578,sell,,144.44000244140625
2020-09-24,144.6699981689453,1119.1667919760537,1.0263055246328054,970.6911736066472,148.47561836940642,sell,,144.6699981689453
2020-09-25,145.66000366210938,1120.1822578742424,0.9463647244487632,982.3347686453444,137.84748922889798,sell,,145.66000366210938
2020-09-28,147.11000061035156,1121.553622624411,0.829280610161236,999.5581515574388,121.99547106697214,sell,,147.11000061035156
2020-09-29,147.05999755859375,1121.5120966856334,0.8333182483327057,998.964317120294,122.54777956533933,buy,147.05999755859375,
2020-09-30,148.8800048828125,1123.0276480184375,0.6863565972676486,1020.8428744658795,102.1847735525581,sell,,148.8800048828125
2020-10-01,147.32000732421875,1121.955077664904,0.8123230226867371,1002.2836440130623,119.67143365184162,buy,147.32000732421875,
2020-10-02,146.24000549316406,1121.0764919859384,0.8995308323109157,989.5290981275198,131.54739385841876,buy,146.24000549316406,
2020-10-05,148.22999572753906,1122.8653586231032,0.738843429268389,1013.3466002593295,109.51875836377361,sell,,148.22999572753906
2020-10-06,146.25999450683594,1121.407509559048,0.8979167627336722,990.0782087740253,131.3293007850228,buy,146.25999450683594,
2020-10-07,147.8800048828125,1122.8611768050364,0.7671044322403127,1009.4217696197118,113.43940718532454,sell,,147.8800048828125
2020-10-08,148.88999938964844,1123.6353409325432,0.6855495624790269,1021.5638669934671,102.07147393907607,sell,,148.88999938964844
2020-10-09,150.97000122070312,1125.0600174645847,0.5175939178821842,1046.9188630500828,78.14115441450187,sell,,150.97000122070312
2020-10-12,151.83999633789062,1125.5097883061544,0.44734369573250277,1057.5851231843528,67.92466512180168,sell,,151.83999633789062
2020-10-13,148.36000061035156,1123.948865208784,0.7283458164454046,1015.8914794363966,108.05738577238724,buy,148.36000061035156,
2020-10-14,148.10000610351562,1123.759188376374,0.749339809977192,1012.7819579451447,110.97723043122937,buy,148.10000610351562,
2020-10-15,147.19000244140625,1123.0762048408415,0.8228206355097214,1001.9652334913261,121.11097134951534,buy,147.19000244140625,
2020-10-16,148.10000610351562,1123.8244305068788,0.749339809977192,1012.8472000756495,110.97723043122937,sell,,148.10000610351562
2020-10-19,144.32000732421875,1120.9875219076741,1.0545665276047291,968.7924729198837,152.19504898779044,buy,144.32000732421875,
2020-10-20,144.5500030517578,1121.2299334767747,1.0359948705529884,971.4768717767348,149.75306170003992,sell,,144.5500030517578
2020-10-21,143.92999267578125,1120.5868853293262,1.0860593660736821,964.2703687248774,156.3165166044487,buy,143.92999267578125,
2020-10-22,145.0800018310547,1121.835189931596,0.9931986165866107,977.7419328186095,144.09325711298646,sell,,145.0800018310547
2020-10-23,145.24000549316406,1121.9940115227764,0.9802786672835797,979.6183325016777,142.37567902109868,sell,,145.24000549316406
2020-10-26,143.97000122070312,1120.7475770133879,1.0828287626908342,964.852718726976,155.89485828641185,buy,143.97000122070312,
2020-10-27,143.14999389648438,1119.8587016463698,1.1490425787832272,955.37326350675,164.48543813961965,buy,143.14999389648438,
2020-10-28,138.36000061035156,1114.3494438984505,1.5358241661720502,901.8528113294931,212.49663256895755,buy,138.36000061035156,
2020-10-29,137.19000244140622,1112.5512363361415,1.630298985236367,888.8905145713422,223.66072176479926,buy,137.19000244140622,
2020-10-30,137.11000061035156,1112.4207208594432,1.6367589598878798,888.0046988702176,224.41602198922558,buy,137.11000061035156,
2020-11-02,138.69000244140622,1115.0059182975588,1.5091772327773718,905.6981241991505,209.30779409840838,sell,,138.69000244140622
2020-11-03,138.5,1114.7189584481584,1.524519518560444,903.5730051275368,211.14595332062152,buy,138.5,
2020-11-04,139.39999389648438,1116.0905101822225,1.4518469599307178,913.7030528292511,202.38745735297147,sell,,139.39999389648438
2020-11-05,139.75999450683594,1116.6129728378849,1.422777690055991,917.7655706912108,198.84740214667403,sell,,139.75999450683594
2020-11-06,142.25,1120.1542670442698,1.2217151374129518,946.3652887472774,173.78897829699238,sell,,142.25
2020-11-09,146.0800018310547,1124.8311793907055,0.9124507816139449,991.5403675417932,133.29081184891234,sell,,146.0800018310547
2020-11-10,148.27999877929688,1126.8372512657286,0.7348057910969192,1017.8802494588572,108.95700180687146,sell,,148.27999877929688
2020-11-11,147.8000030517578,1126.4839747730778,0.7735644068918273,1012.1511530737346,114.33282169934328,buy,147.8000030517578,
2020-11-12,148.3000030517578,1126.8704576039195,0.7331904894054961,1018.1383057875646,108.73215181635489,sell,,148.3000030517578
2020-11-13,149.89999389648438,1128.042587351952,0.6039946927177411,1037.5037866000537,90.53880075189835,sell,,149.89999389648438
2020-11-16,150.85000610351562,1128.61581108704,0.5272832638023655,1049.0751275241714,79.54068356286847,sell,,150.85000610351562
2020-11-17,149.35000610351562,1127.8230772378893,0.6484050162613624,1030.9837841017047,96.83929313618462,buy,149.35000610351562,
2020-11-18,147.3699951171875,1126.536872007035,0.8082866166294487,1007.4196772610652,119.11719474596985,buy,147.3699951171875,
2020-11-19,147.13999938964844,1126.3506962752226,0.8268582736811894,1004.6867703904466,121.66392588477596,buy,147.13999938964844,
2020-11-20,146.36000061035156,1125.7048260087945,0.8898414863907345,995.4676255175306,130.23720049126405,buy,146.36000061035156,
2020-11-23,143.8699951171875,1123.4862231327897,1.0909040390337736,966.5378643636806,156.94835876910915,buy,143.8699951171875,
2020-11-24,143.8699951171875,1123.4862231327897,1.0909040390337736,966.5378643636806,156.94835876910915,hold,,
2020-11-25,143.67999267578125,1123.2787282640825,1.1062463248168495,964.3332644167876,158.94546384729486,buy,143.67999267578125,
2020-11-27,144.0,1123.632549143144,1.0804064262107893,968.0540237687903,155.57852537435366,sell,,144.0
2020-11-30,144.67999267578125,1124.3668203958428,1.0254984898441837,975.9977063961616,148.36911399968122,sell,,144.67999267578125
2020-12-01,147.4499969482422,1127.205806573449,0.8018266419779323,1008.9764706607838,118.2293359126654,sell,,147.4499969482422
2020-12-02,148.13999938964844,1127.7586562240826,0.7461104387085253,1017.2298562891914,110.52879993489127,sell,,148.13999938964844
2020-12-03,149.0,1128.3997943050158,0.6766672513474674,1027.5763738542432,100.82342045077264,sell,,149.0
2020-12-04,150.27000427246094,1129.2583940950979,0.574117155940213,1042.9858066190689,86.27258747602892,sell,,150.27000427246094
2020-12-07,148.97000122070312,1128.5104762659782,0.6790895878275123,1027.346499538347,101.16397672763128,buy,148.97000122070312,
2020-12-08,151.5500030517578,1130.260950028735,0.47076002574433673,1058.9172666905351,71.34368333819982,sell,,151.5500030517578
2020-12-09,153.10000610351562,1130.9896714101108,0.34560063511387007,1078.0782120647984,52.91145934531239,sell,,153.10000610351562
2020-12-10,152.25,1130.6948637754622,0.414236787686308,1067.6273128502219,63.0675509252404,buy,152.25,
2020-12-11,152.9499969482422,1130.9843960012379,0.3577135496282793,1076.2721096772477,54.7122863239902,sell,,152.9499969482422
2020-12-14,149.07000732421875,1129.5918007656212,0.6710143114845728,1029.5636924379603,100.02810832766087,buy,149.07000732421875,
2020-12-15,150.57000732421875,1130.5974103676904,0.5498925590255777,1047.8000837276757,82.79732664001462,sell,,150.57000732421875
2020-12-16,149.6699981689453,1130.1014143215377,0.6225663497694836,1036.921909891492,93.17950443004557,buy,149.6699981689453,
2020-12-17,153.6199951171875,1132.5580996199005,0.3036126480502954,1085.9171261088977,46.64097351100275,sell,,153.6199951171875
2020-12-18,154.50999450683594,1132.8277594942701,0.23174712420919086,1097.020512605733,35.80724688853711,sell,,154.50999450683594
2020-12-21,153.02000427246094,1132.4806175053466,0.35206060976538467,1078.6083014948822,53.87231601046437,buy,153.02000427246094,
2020-12-22,152.72000122070312,1132.374628289966,0.37628520668001997,1074.908351066461,57.46627722350518,buy,152.72000122070312,
2020-12-23,151.94000244140625,1132.0801693211388,0.43926841938956507,1065.3377246066557,66.74244471448318,buy,151.94000244140625,
2020-12-24,152.47000122070312,1132.3126547899544,0.3964721654231873,1071.8625432439062,60.45011154604818,sell,,152.47000122070312
2020-12-28,153.19000244140625,1132.5976699208816,0.3383336256737337,1080.7683409779124,51.82932894296909,sell,,153.19000244140625
2020-12-29,154.13999938964844,1132.9184946272749,0.2616234288725394,1092.591859460544,40.32663516673096,sell,,154.13999938964844
2020-12-30,156.0500030517578,1133.4169929653679,0.10739476836734596,1116.6580390339006,16.75895393146716,sell,,156.0500030517578
2020-12-31,157.3800048828125,1133.5589831144837,0.0,1133.5589831144837,0.0,sell,,157.3800048828125
