Date,High,Low,Open,Close,Volume,Adj Close
2015-12-31,200000,197800,199220,197800,3,197800
2016-01-04,196760,193300,195000,196295,8,196295
2016-01-05,197314,195000,196300,197000,5,197000
2016-01-06,197880,194701,195041,197415,6,197415
2016-01-07,196200,194000,194299,195580,11,195580
2016-01-08,196000,193275,195650,193900,4,193900
2016-01-11,194810,191461,194140,193060,3,193060
2016-01-12,194740,191700,193900,194000,3,194000
2016-01-13,194339,189540,194100,190500,5,190500
2016-01-14,194000,189661,190150,192250,3,192250
2016-01-15,191200,187655,188520,190000,6,190000
2016-01-19,192938,191000,191005,191700,3,191700
2016-01-20,189959,187100,188620,188470,5,188470
2016-01-21,190750,187500,188501,189455,2,189455
2016-01-22,192260,189990,191901,191396,2,191396
2016-01-25,190000,186900,190000,187001,2,187001
2016-01-26,190500,187510,187510,189640,4,189640
2016-01-27,191580,187996,189395,189091,2,189091
2016-01-28,190900,187500,189840,188300,2,188300
2016-01-29,194650,190020,190020,194360,5,194360
2016-02-01,195190,191900,194000,194759,5,194759
2016-02-02,194000,189800,193100,189902,4,189902
2016-02-03,190620,186921,190501,189861,4,189861
2016-02-04,192200,189502,189502,192200,2,192200
2016-02-05,191880,189520,191385,190820,3,190820
2016-02-08,192440,188500,189120,191255,4,191255
2016-02-09,193000,189365,189725,192635,6,192635
2016-02-10,194700,190471,192861,190520,3,190520
2016-02-11,190200,187405,187865,190000,6,190000
2016-02-12,193999,190300,190300,193999,6,193999
2016-02-16,195540,193106,195540,193465,3,193465
2016-02-17,196070,194063,194741,195903,4,195903
2016-02-18,199001,196025,196450,196025,4,196025
2016-02-19,197660,195726,196075,197310,1,197310
2016-02-22,199800,197631,199000,198650,2,198650
2016-02-23,198300,196502,197880,196502,1,196502
2016-02-24,197400,194201,195755,196511,3,196511
2016-02-25,198899,196100,197690,198899,4,198899
2016-02-26,200000,198000,199000,198191,4,198191
2016-02-29,203192,200000,200100,202555,9,202555
2016-03-01,205606,202600,203899,205500,7,205500
2016-03-02,206009,204580,206000,205500,4,205500
2016-03-03,206395,204999,205750,206000,4,206000
2016-03-04,207945,205700,206200,207945,11,207945
2016-03-07,208750,206621,207500,208500,7,208500
2016-03-08,208700,207280,208150,207989,6,207989
2016-03-09,209425,208250,208336,209250,5,209250
2016-03-10,210001,207930,209865,209120,7,209120
2016-03-11,211600,209490,209990,211600,6,211600
2016-03-14,212250,209850,212000,210300,2,210300
2016-03-15,211200,209173,209720,211070,2,211070
2016-03-16,211000,210140,210200,210200,4,210200
2016-03-17,214000,209925,210240,213600,4,213600
2016-03-18,214560,212481,214250,213330,3,213330
2016-03-21,214000,212860,213330,213300,2,213300
2016-03-22,214538,212790,213200,213400,2,213400
2016-03-23,213340,211370,212900,211370,3,211370
2016-03-24,210980,209525,210200,210530,2,210530
2016-03-28,212619,210790,211120,212125,2,212125
2016-03-29,213000,211000,212435,212800,1,212800
2016-03-30,215130,213588,214345,214035,3,214035
2016-03-31,214623,212400,214125,213450,2,213450
2016-04-01,215950,209641,211850,215740,3,215740
2016-04-04,215600,214360,215560,215060,2,215060
2016-04-05,213884,211900,213501,212340,2,212340
2016-04-06,212990,211000,212299,212990,2,212990
2016-04-07,211911,210670,211302,211401,2,211401
2016-04-08,213144,211250,212300,211705,1,211705
2016-04-11,213180,211660,212340,211660,1,211660
2016-04-12,213720,211652,212250,213700,2,213700
2016-04-13,216178,214294,214480,216130,3,216130
2016-04-14,216250,215310,216250,215600,2,215600
2016-04-15,216080,214470,216080,215110,2,215110
2016-04-18,216650,214350,214350,216650,2,216650
2016-04-19,219499,216840,216945,219000,3,219000
2016-04-20,219600,218060,218400,218928,2,218928
2016-04-21,219495,217045,219120,217460,3,217460
2016-04-22,219500,217400,217400,219038,2,219038
2016-04-25,219393,218330,218700,219278,1,219278
2016-04-26,220680,219540,219600,220340,4,220340
2016-04-27,221985,219980,220330,221430,2,221430
2016-04-28,221030,218661,219870,219120,2,219120
2016-04-29,219750,216860,218679,219000,2,219000
2016-05-02,220640,218730,219180,220253,2,220253
2016-05-03,219800,216300,219800,217354,3,217354
2016-05-04,216550,215103,215755,216515,2,216515
2016-05-05,217200,215230,216515,215880,2,215880
2016-05-06,217245,215135,215390,217000,2,217000
2016-05-09,216580,212950,216580,214430,2,214430
2016-05-10,217280,214700,214700,216975,3,216975
2016-05-11,217205,214211,217100,214468,2,214468
2016-05-12,215570,213435,214900,214860,2,214860
2016-05-13,215200,211750,214550,212140,3,212140
2016-05-16,213150,211905,211905,212530,3,212530
2016-05-17,212780,209865,212780,210695,3,210695
2016-05-18,212700,209940,210155,212200,2,212200
2016-05-19,212070,209600,211250,211180,3,211180
2016-05-20,213680,211810,211810,212833,3,212833
2016-05-23,213050,211650,213050,212210,2,212210
2016-05-24,216090,213000,213080,215650,3,215650
2016-05-25,217300,215565,215650,216185,3,216185
2016-05-26,215970,214360,215750,214600,2,214600
2016-05-27,215380,214290,215380,214303,2,214303
2016-05-31,216070,211695,215900,211695,2,211695
2016-06-01,213090,210703,211100,212360,2,212360
2016-06-02,213060,211570,212148,212355,2,212355
2016-06-03,212240,210210,211700,211615,2,211615
2016-06-06,213710,212205,212205,212880,3,212880
2016-06-07,213662,212180,213200,212210,2,212210
2016-06-08,214000,212620,212620,213500,1,213500
2016-06-09,213650,211810,213287,213210,1,213210
2016-06-10,213460,211800,211800,212622,1,212622
2016-06-13,213925,211450,212300,211450,2,211450
2016-06-14,212250,210880,211240,212070,5,212070
2016-06-15,213210,210050,212405,210050,3,210050
2016-06-16,213000,208610,210100,213000,3,213000
2016-06-17,212350,210651,212350,211200,3,211200
2016-06-20,214396,212500,213200,212630,2,212630
2016-06-21,215420,212830,213140,215420,3,215420
2016-06-22,216940,215420,215420,216266,2,216266
2016-06-23,218850,216983,217021,218850,4,218850
2016-06-24,212730,209500,210505,209852,9,209852
2016-06-27,208860,205074,208860,208000,4,208000
2016-06-28,210500,207650,209505,210400,3,210400
2016-06-29,213080,210000,212100,212645,4,212645
2016-06-30,217030,213220,213400,216975,6,216975
2016-07-01,217210,215600,216421,216298,2,216298
2016-07-05,215270,212650,214710,212960,2,212960
2016-07-06,213950,211500,212010,213620,2,213620
2016-07-07,214450,211900,214036,212501,3,212501
2016-07-08,215550,214035,214590,214720,2,214720
2016-07-11,216405,215200,216405,215824,2,215824
2016-07-12,217500,216070,216140,217050,2,217050
2016-07-13,218950,216690,216975,218950,3,218950
2016-07-14,219940,218280,219250,218591,3,218591
2016-07-15,219400,217660,219280,218990,1,218990
2016-07-18,220000,219000,219000,219900,4,219900
2016-07-19,220360,218900,219060,220265,5,220265
2016-07-20,220270,218590,220003,219187,2,219187
2016-07-21,219044,216315,218900,216315,3,216315
2016-07-22,217158,215920,216760,216805,2,216805
2016-07-25,217600,215430,217600,216005,1,216005
2016-07-26,217190,215901,216640,216400,1,216400
2016-07-27,217100,215670,216220,216300,1,216300
2016-07-28,217011,215250,216000,216660,1,216660
2016-07-29,216750,215710,215800,216000,1,216000
2016-08-01,216790,215430,216540,215960,1,215960
2016-08-02,215630,214520,215350,214900,2,214900
2016-08-03,215735,214620,215735,215300,2,215300
2016-08-04,215620,214400,215610,214830,1,214830
2016-08-05,218150,215800,215970,218010,6,218010
2016-08-08,218500,216460,218000,218300,4,218300
2016-08-09,221140,218310,218500,220605,8,220605
2016-08-10,221040,219260,220740,220000,4,220000
2016-08-11,222030,220000,220495,221890,6,221890
2016-08-12,221750,220630,220630,221750,3,221750
2016-08-15,221995,220750,221523,221995,3,221995
2016-08-16,221995,220805,221605,220805,5,220805
2016-08-17,223960,220920,220920,223890,4,223890
2016-08-18,224000,222855,223850,223200,3,223200
2016-08-19,223220,221900,223000,223040,3,223040
2016-08-22,223050,221970,222750,222446,1,222446
2016-08-23,223870,222851,223020,223500,2,223500
2016-08-24,223201,222270,223000,222824,1,222824
2016-08-25,223060,222250,222700,222999,4,222999
2016-08-26,223630,220890,222930,222040,5,222040
2016-08-29,224450,222800,222800,223400,4,223400
2016-08-30,225330,224040,224040,224850,2,224850
2016-08-31,226145,223040,225280,225760,2,225760
2016-09-01,226440,223240,225680,225350,2,225350
2016-09-02,226490,225040,225970,226050,1,226050
2016-09-06,226340,224000,226340,225849,2,225849
2016-09-07,225660,224080,225510,224230,2,224230
2016-09-08,225100,224055,224500,224740,3,224740
2016-09-09,224211,219870,224100,220110,3,220110
2016-09-12,224000,219000,219640,223520,3,223520
2016-09-13,221900,218000,221900,219150,5,219150
2016-09-14,220310,218080,219040,218610,3,218610
2016-09-15,220564,218434,218700,220339,2,220339
2016-09-16,218530,216810,218380,218400,7,218400
2016-09-19,219210,217360,218379,218000,3,218000
2016-09-20,218970,217251,218860,217870,2,217870
2016-09-21,219680,217500,218939,219440,5,219440
2016-09-22,220500,219250,219900,220000,3,220000
2016-09-23,219530,217432,219440,217750,2,217750
2016-09-26,217350,216080,217000,216160,2,216160
2016-09-27,218030,216120,216160,217960,3,217960
2016-09-28,217930,216070,217700,217695,3,217695
2016-09-29,218200,215208,217790,215300,3,215300
2016-09-30,218049,216220,216620,216220,3,216220
2016-10-03,216380,214820,216000,215700,3,215700
2016-10-04,216210,214270,215960,214520,2,214520
2016-10-05,216400,215010,215459,216300,1,216300
2016-10-06,215970,214945,215970,215860,2,215860
2016-10-07,217370,215780,215890,216640,3,216640
2016-10-10,218470,217500,217530,217730,1,217730
2016-10-11,217599,215373,217599,215920,2,215920
2016-10-12,217800,216300,216351,217230,1,217230
2016-10-13,216100,213030,216100,214660,6,214660
2016-10-14,217280,215620,215620,216370,2,216370
2016-10-17,216900,215100,216900,216225,1,216225
2016-10-18,217480,216200,216600,216300,2,216300
2016-10-19,218500,216700,216700,217350,2,217350
2016-10-20,218000,216340,217014,216975,2,216975
2016-10-21,215940,214259,215400,215600,2,215600
2016-10-24,217260,215500,216440,215500,2,215500
2016-10-25,216190,214880,215347,215250,3,215250
2016-10-26,216660,214710,214900,215840,5,215840
2016-10-27,217110,215860,216400,216820,4,216820
2016-10-28,217810,214470,217010,216200,3,216200
2016-10-31,217000,215700,215900,215700,3,215700
2016-11-01,217090,214835,216798,215370,7,215370
2016-11-02,215700,214640,214640,214900,6,214900
2016-11-03,216630,214860,214860,215001,3,215001
2016-11-04,215680,213680,214960,214545,5,214545
2016-11-07,220720,216600,216850,220303,9,220303
2016-11-08,222150,219650,220425,221485,6,221485
2016-11-09,227368,218500,218930,227135,11,227135
2016-11-10,234910,227499,227499,233750,14,233750
2016-11-11,235870,232771,233310,234860,4,234860
2016-11-14,237153,234930,236150,236650,9,236650
2016-11-15,236370,234000,236300,236000,7,236000
2016-11-16,236320,234130,235101,235470,4,235470
2016-11-17,237893,234470,234910,237550,4,237550
2016-11-18,237686,236000,237240,236391,5,236391
2016-11-21,238050,236160,236340,237500,4,237500
2016-11-22,238590,236740,238590,237801,3,237801
2016-11-23,238250,236070,238250,237070,3,237070
2016-11-25,237635,236510,237150,237085,2,237085
2016-11-28,237660,235370,236659,235400,2,235400
2016-11-29,236900,235320,235795,236391,2,236391
2016-11-30,237999,236330,237230,237000,3,237000
2016-12-01,240200,236340,236361,239821,5,239821
2016-12-02,240000,238173,240000,239070,3,239070
2016-12-05,241040,239000,240250,240000,3,240000
2016-12-06,242210,239950,240430,241836,3,241836
2016-12-07,246890,242410,242600,246380,8,246380
2016-12-08,248820,245270,247160,246120,5,246120
2016-12-09,247680,244600,246000,247190,3,247190
2016-12-12,249969,246441,246670,248889,9,248889
2016-12-13,250420,248110,249750,249711,3,249711
2016-12-14,250786,247020,249360,247120,3,247120
2016-12-15,250500,247190,248061,248271,3,248271
2016-12-16,248900,246405,248540,246405,2,246405
2016-12-19,248330,246700,247899,248330,2,248330
2016-12-20,249585,248120,248300,249041,3,249041
2016-12-21,249929,248480,249100,248631,3,248631
2016-12-22,249100,247420,248190,249000,2,249000
2016-12-23,249000,247200,249000,248000,2,248000
2016-12-27,248625,247150,248000,247300,2,247300
2016-12-28,248200,245330,248000,245330,2,245330
2016-12-29,246720,244500,245870,244500,1,244500
2016-12-30,245580,243930,244850,244121,2,244121
2017-01-03,246730,243800,246382,245850,4,245850
2017-01-04,246600,244550,246600,246600,3,246600
2017-01-05,245665,243360,245665,244852,2,244852
2017-01-06,245650,244190,245575,245394,2,245394
2017-01-09,244990,243111,244990,243111,2,243111
2017-01-10,244010,242077,243000,242077,2,242077
2017-01-11,243540,241711,242425,243160,2,243160
2017-01-12,242920,240580,242920,242850,2,242850
2017-01-13,244690,242165,242165,242500,4,242500
2017-01-17,242300,239000,242300,239166,6,239166
2017-01-18,241000,239250,240698,240700,4,240700
2017-01-19,241500,238730,241000,239120,2,239120
2017-01-20,240980,239460,240280,240280,2,240280
2017-01-23,240250,237984,239500,238100,2,238100
2017-01-24,241560,238310,238900,240940,2,240940
2017-01-25,246900,242161,242840,246340,3,246340
2017-01-26,247640,246210,247500,247640,2,247640
2017-01-27,247500,245360,247420,247000,1,247000
2017-01-30,247340,244880,246260,246500,2,246500
2017-01-31,247738,244640,246800,245980,2,245980
2017-02-01,247775,245000,247700,245430,3,245430
2017-02-02,244790,243410,244718,244330,4,244330
2017-02-03,246200,244040,245830,245646,3,245646
2017-02-06,245750,244622,245050,244825,2,244825
2017-02-07,245650,243957,245400,244260,2,244260
2017-02-08,244600,243370,244600,244151,3,244151
2017-02-09,246700,244350,244877,246000,5,246000
2017-02-10,246950,245490,246900,246000,3,246000
2017-02-13,249270,246800,246800,248340,4,248340
2017-02-14,250440,247810,248750,250419,4,250419
2017-02-15,250990,249240,250419,250990,8,250990
2017-02-16,251610,249160,251000,251500,5,251500
2017-02-17,252860,250060,250800,252838,3,252838
2017-02-21,254380,252760,253100,253690,6,253690
2017-02-22,254500,252580,253600,254151,4,254151
2017-02-23,255200,253730,254520,254900,4,254900
2017-02-24,255200,253810,254560,255040,5,255040
2017-02-27,256760,255501,256231,255795,4,255795
2017-02-28,258270,255870,256330,257100,10,257100
2017-03-01,266020,261370,261815,266013,10,266013
2017-03-02,266445,263261,266390,263600,4,263600
2017-03-03,264690,262700,263780,263160,3,263160
2017-03-06,263760,261500,263151,262800,2,262800
2017-03-07,263560,262500,263100,262860,2,262860
2017-03-08,263900,262280,263900,262350,3,262350
2017-03-09,263620,262380,263480,262866,3,262866
2017-03-10,263800,261660,263500,262491,6,262491
2017-03-13,263340,262040,262880,262990,3,262990
2017-03-14,263100,261390,262880,261900,4,261900
2017-03-15,262500,260606,262000,261787,7,261787
2017-03-16,263050,260600,262910,260919,3,260919
2017-03-17,260475,258610,260320,258952,4,258952
2017-03-20,259270,257598,258650,258000,2,258000
2017-03-21,258300,253651,257900,253651,4,253651
2017-03-22,254900,252400,253200,253880,2,253880
2017-03-23,257020,253900,254120,254702,3,254702
2017-03-24,255440,252100,255440,252301,3,252301
2017-03-27,251270,248810,250100,250881,5,250881
2017-03-28,253000,249660,251300,252520,4,252520
2017-03-29,252420,249761,252420,249761,3,249761
2017-03-30,251831,249040,249500,251800,3,251800
2017-03-31,251620,249850,251500,249850,3,249850
2017-04-03,250600,248523,250121,250600,2,250600
2017-04-04,250696,249324,250000,250550,4,250550
2017-04-05,252424,248900,251400,248900,3,248900
2017-04-06,250463,248000,249099,250290,1,250290
2017-04-07,250397,248370,248998,249465,2,249465
2017-04-10,250930,249360,249560,250399,3,250399
2017-04-11,249720,247875,248947,248601,3,248601
2017-04-12,248400,247341,248200,247930,2,247930
2017-04-13,248140,245000,247380,245000,2,245000
2017-04-17,247026,244416,245860,246700,2,246700
2017-04-18,246400,245000,246340,245750,1,245750
2017-04-19,246684,243600,246050,244047,3,244047
2017-04-20,247950,244701,244701,247200,2,247200
2017-04-21,247850,245060,247850,245550,2,245550
2017-04-24,249000,246880,248999,248850,2,248850
2017-04-25,252000,250125,250125,251231,4,251231
2017-04-26,253390,250920,251231,251351,3,251351
2017-04-27,251600,248475,251460,249950,3,249950
2017-04-28,249500,246750,249500,247780,3,247780
2017-05-01,249420,248000,248460,248270,2,248270
2017-05-02,249460,248000,248900,249010,2,249010
2017-05-03,250825,248900,248900,250000,2,250000
2017-05-04,252000,249400,251200,249540,3,249540
2017-05-05,250530,249100,250530,250000,4,250000
2017-05-08,250000,246401,250000,247160,3,247160
2017-05-09,247940,245000,247750,246000,4,246000
2017-05-10,245850,245100,245800,245850,4,245850
2017-05-11,245770,243770,245770,245240,2,245240
2017-05-12,245590,244146,244725,245220,2,245220
2017-05-15,246277,245371,246200,245800,3,245800
2017-05-16,246450,245200,246450,245701,1,245701
2017-05-17,244680,242500,244500,243110,5,243110
2017-05-18,244450,242180,243000,242510,3,242510
2017-05-19,246220,242841,243355,244910,3,244910
2017-05-22,248270,246201,247500,247820,5,247820
2017-05-23,248690,247390,248100,248121,3,248121
2017-05-24,248501,246910,248501,247479,4,247479
2017-05-25,248620,247110,248120,247850,2,247850
2017-05-26,248820,247690,247730,248540,2,248540
2017-05-30,249010,247025,249010,248101,3,248101
2017-05-31,248467,246520,248000,248440,9,248440
2017-06-01,250290,247610,248530,250000,11,250000
2017-06-02,250600,248936,249700,249660,5,249660
2017-06-05,250660,249660,249860,250000,3,250000
2017-06-06,250012,248650,249200,249300,3,249300
2017-06-07,250105,249000,249330,249621,4,249621
2017-06-08,251820,249500,249500,250305,4,250305
2017-06-09,255180,251280,251660,254965,5,254965
2017-06-12,255900,254400,254965,255900,3,255900
2017-06-13,257698,256495,257100,257200,4,257200
2017-06-14,257200,254000,256500,257150,3,257150
2017-06-15,256300,254440,255920,255596,3,255596
2017-06-16,256450,255130,256070,256450,6,256450
2017-06-19,257945,256310,256960,257320,3,257320
2017-06-20,257290,255740,256900,255860,2,255860
2017-06-21,256400,254290,256400,254400,1,254400
2017-06-22,254040,252510,253480,252620,2,252620
2017-06-23,253300,250000,253300,251800,3,251800
2017-06-26,252450,250580,252150,251480,3,251480
2017-06-27,252065,250165,251520,251310,3,251310
2017-06-28,255230,251920,251920,254660,4,254660
2017-06-29,256610,253030,256170,253901,3,253901
2017-06-30,255160,253980,254240,254700,3,254700
2017-07-03,258970,254990,254990,257980,2,257980
2017-07-05,258750,257178,257402,257500,3,257500
2017-07-06,257862,255150,257640,255550,3,255550
2017-07-07,257000,254840,255820,256780,3,256780
2017-07-10,257015,255050,256750,255400,2,255400
2017-07-11,256270,252254,255200,255500,7,255500
2017-07-12,256132,254500,255500,256000,7,256000
2017-07-13,256300,255180,256300,256000,5,256000
2017-07-14,256262,254400,255149,256020,4,256020
2017-07-17,257665,255650,255950,256200,4,256200
2017-07-18,256880,255860,256390,256100,2,256100
2017-07-19,257786,256600,256600,257500,2,257500
2017-07-20,258300,257415,257800,257651,2,257651
2017-07-21,257779,256540,257779,257645,3,257645
2017-07-24,258210,257020,257644,257689,2,257689
2017-07-25,260060,258660,258730,259410,4,259410
2017-07-26,260741,259300,259600,259600,2,259600
2017-07-27,259860,258760,259390,259709,2,259709
2017-07-28,261560,258472,259820,261026,2,261026
2017-07-31,263441,261370,261604,262786,3,262786
2017-08-01,264500,262700,263929,264321,1,264321
2017-08-02,266950,264500,264680,266730,3,266730
2017-08-03,268430,266201,266625,268370,3,268370
2017-08-04,270000,268160,268600,270000,3,270000
2017-08-07,267610,265850,266350,266985,2,266985
2017-08-08,267360,264566,266860,264566,2,264566
2017-08-09,267225,263270,263390,267030,3,267030
2017-08-10,266711,264601,265730,264601,2,264601
2017-08-11,265500,263000,264660,263000,2,263000
2017-08-14,266543,265000,265000,266370,2,266370
2017-08-15,267380,266012,267100,266795,3,266795
2017-08-16,268700,266590,267000,267856,3,267856
2017-08-17,268440,266636,268100,267075,6,267075
2017-08-18,268761,265612,266100,267377,5,267377
2017-08-21,268614,266600,267301,268540,3,268540
2017-08-22,271369,268252,268252,270960,3,270960
2017-08-23,271199,269000,269000,270430,2,270430
2017-08-24,270630,267590,270500,268565,3,268565
2017-08-25,270550,268820,268820,269761,2,269761
2017-08-28,270400,267450,270400,268035,3,268035
2017-08-29,268160,266045,267250,268090,3,268090
2017-08-30,271470,268100,268450,270420,3,270420
2017-08-31,272857,270985,271000,271450,2,271450
2017-09-01,272885,271040,272800,271062,2,271062
2017-09-05,270395,264600,270350,265744,5,265744
2017-09-06,266859,265160,266500,265420,4,265420
2017-09-07,265760,259040,265760,260500,6,260500
2017-09-08,263820,260490,260500,263600,2,263600
2017-09-11,268880,266100,267005,266870,2,266870
2017-09-12,268000,266798,267400,267911,2,267911
2017-09-13,268570,266890,267100,268450,2,268450
2017-09-14,268620,267760,268400,268322,2,268322
2017-09-15,270510,268680,268800,270200,4,270200
2017-09-18,272580,270340,270980,272480,3,272480
2017-09-19,274850,271950,271950,274850,3,274850
2017-09-20,275820,273730,275040,275630,7,275630
2017-09-21,275740,274600,275475,274600,3,274600
2017-09-22,274200,272000,274165,273139,2,273139
2017-09-25,273861,271250,273379,273660,2,273660
2017-09-26,274270,272600,273700,272800,2,272800
2017-09-27,275745,273801,274260,274940,2,274940
2017-09-28,275945,273825,275870,274770,1,274770
2017-09-29,274950,273755,274900,274740,2,274740
2017-10-02,278010,274500,274999,278010,2,278010
2017-10-03,279660,277000,278200,278700,2,278700
2017-10-04,279960,278385,279200,278670,1,278670
2017-10-05,282000,278780,279350,280360,3,280360
2017-10-06,281180,279280,281030,281000,2,281000
2017-10-09,281700,280000,281460,281089,1,281089
2017-10-10,282270,280800,281000,281950,3,281950
2017-10-11,282100,279760,282100,281085,2,281085
2017-10-12,281800,278980,281410,279383,2,279383
2017-10-13,281930,279780,280240,280850,2,280850
2017-10-16,282880,281410,281800,281960,3,281960
2017-10-17,283000,279900,283000,281050,2,281050
2017-10-18,282130,280790,281715,281290,1,281290
2017-10-19,280960,279700,280500,280815,2,280815
2017-10-20,283390,281460,281780,283353,2,283353
2017-10-23,284575,283220,283520,284198,2,284198
2017-10-24,285950,284335,284800,284570,3,284570
2017-10-25,285350,281600,285350,283035,3,283035
2017-10-26,284640,281870,284290,282810,2,282810
2017-10-27,282799,280660,282700,281600,2,281600
2017-10-30,282790,281190,282150,281940,2,281940
2017-10-31,282100,279690,282100,280470,3,280470
2017-11-01,282200,280000,282200,280000,3,280000
2017-11-02,283434,278930,280000,283434,2,283434
2017-11-03,282699,280470,282699,280470,1,280470
2017-11-06,281320,278000,279630,280170,2,280170
2017-11-07,282290,278750,281600,279361,2,279361
2017-11-08,279900,276600,279900,276676,3,276676
2017-11-09,276895,272795,276100,276556,4,276556
2017-11-10,275660,273213,275281,275660,2,275660
2017-11-13,277290,274815,275200,276347,1,276347
2017-11-14,275860,273930,275570,274810,2,274810
2017-11-15,274110,272150,273700,272730,2,272730
2017-11-16,275200,272660,273680,272700,1,272700
2017-11-17,272540,270250,272300,271410,3,271410
2017-11-20,272950,270800,271640,272005,1,272005
2017-11-21,275258,272600,272600,275000,3,275000
2017-11-22,275050,273390,275050,275000,6,275000
2017-11-24,275220,274000,274800,274417,2,274417
2017-11-27,276470,274450,275000,276230,3,276230
2017-11-28,281876,276540,276540,280440,4,280440
2017-11-29,287900,281700,281700,284900,5,284900
2017-11-30,291500,284650,284650,291500,6,291500
2017-12-01,292170,284750,290634,291000,5,291000
2017-12-04,299080,294450,294450,295490,6,295490
2017-12-05,297000,293320,297000,294105,4,294105
2017-12-06,295130,292300,293581,294146,2,294146
2017-12-07,295000,292580,294000,294100,1,294100
2017-12-08,295560,292910,295320,294385,2,294385
2017-12-11,295480,293100,295021,295480,4,295480
2017-12-12,299790,296000,296500,298630,3,298630
2017-12-13,299320,296026,298180,296180,3,296180
2017-12-14,297000,293990,296750,295815,2,295815
2017-12-15,298880,296080,297080,296280,5,296280
2017-12-18,300300,298150,298150,299360,4,299360
2017-12-19,301000,296740,301000,296992,4,296992
2017-12-20,299990,296260,298600,296500,4,296500
2017-12-21,299200,297260,297560,298200,2,298200
2017-12-22,298829,295710,298650,296400,2,296400
2017-12-26,297800,296000,296400,296370,1,296370
2017-12-27,298120,296000,296020,298120,1,298120
2017-12-28,299910,298200,298611,299210,2,299210
2017-12-29,300000,297540,300000,297600,3,297600
2018-01-02,298000,294000,297400,295755,3,295755
2018-01-03,299920,295801,296200,299905,2,299905
2018-01-04,302980,300000,300450,300516,5,300516
2018-01-05,302430,297900,302200,301525,3,301525
2018-01-08,304530,299500,299500,304180,5,304180
2018-01-09,306280,303880,305784,304500,6,304500
2018-01-10,308600,303930,304625,308350,4,308350
2018-01-11,310760,308800,309000,309950,4,309950
2018-01-12,315390,309910,310100,315225,4,315225
2018-01-16,321060,313980,319620,315261,5,315261
2018-01-17,323630,315561,317800,321469,3,321469
2018-01-18,324300,319620,324300,320000,6,320000
2018-01-19,321000,318191,320800,320238,4,320238
2018-01-22,324064,320085,320130,324064,4,324064
2018-01-23,324619,319393,324500,322885,4,322885
2018-01-24,325230,322000,323551,323480,3,323480
2018-01-25,324600,321520,324600,322850,2,322850
2018-01-26,325915,323100,323100,325915,4,325915
2018-01-29,326350,322910,325650,323500,2,323500
2018-01-30,324915,322155,322480,323000,9,323000
2018-01-31,323500,321010,323000,323375,6,323375
2018-02-01,326110,322000,322300,325900,4,325900
2018-02-02,324380,312030,324351,314340,6,314340
2018-02-05,311850,295000,308500,295600,10,295600
2018-02-06,303431,288540,293150,303000,12,303000
2018-02-07,306710,301000,304200,301000,5,301000
2018-02-08,301190,288000,301190,288000,6,288000
2018-02-09,296296,285250,293859,294140,9,294140
2018-02-12,301020,295000,298100,298940,4,298940
2018-02-13,298508,294500,296400,297500,3,297500
2018-02-14,301180,294458,295960,301005,2,301005
2018-02-15,305999,301100,303580,305999,3,305999
2018-02-16,309590,304650,304650,306000,4,306000
2018-02-20,306805,303660,305400,304904,2,304904
2018-02-21,307770,301240,304470,301530,2,301530
2018-02-22,305020,300345,302500,301404,3,301404
2018-02-23,306400,301425,301860,304020,4,304020
2018-02-26,316520,308455,311240,316126,8,316126
2018-02-27,319500,314345,318150,314345,6,314345
2018-02-28,317410,310250,316100,310250,3,310250
2018-03-01,313000,301405,311000,302946,4,302946
2018-03-02,303693,299360,300980,303100,3,303100
2018-03-05,306499,300240,302000,304500,2,304500
2018-03-06,307499,304400,307000,307005,2,307005
2018-03-07,307560,303430,303900,306756,2,306756
2018-03-08,310994,305240,306400,307700,3,307700
2018-03-09,319780,309355,311540,319600,5,319600
2018-03-12,320000,317130,319320,317746,3,317746
2018-03-13,319860,313395,318020,314039,4,314039
2018-03-14,315485,309435,315485,310655,3,310655
2018-03-15,313950,308000,312501,311601,2,311601
2018-03-16,313340,309880,313340,310630,2,310630
2018-03-19,310513,304100,310400,305980,3,305980
2018-03-20,308210,305810,307501,307100,2,307100
2018-03-21,310720,306020,308950,307600,3,307600
2018-03-22,304730,295950,304730,296949,6,296949
2018-03-23,298389,288450,297440,288755,5,288755
2018-03-26,299925,293455,295500,299500,4,299500
2018-03-27,302590,292380,301000,294650,3,294650
2018-03-28,298145,291640,296400,295041,3,295041
2018-03-29,301518,296540,296540,299100,3,299100
2018-04-02,299100,288740,298620,293410,5,293410
2018-04-03,297325,291885,295480,296850,2,296850
2018-04-04,300900,291100,291100,299850,4,299850
2018-04-05,304200,300500,301410,301750,4,301750
2018-04-06,299750,290990,298810,294000,4,294000
2018-04-09,298000,292560,296150,292671,3,292671
2018-04-10,299500,296300,296760,296556,3,296556
2018-04-11,295500,292690,295250,293249,2,293249
2018-04-12,299370,295000,295320,297021,3,297021
2018-04-13,299960,294300,299200,295891,2,295891
2018-04-16,299892,296600,297949,297181,2,297181
2018-04-17,300950,298590,299499,298701,2,298701
2018-04-18,301300,299130,300170,299205,1,299205
2018-04-19,302000,298990,300000,300300,1,300300
2018-04-20,301680,298450,301680,300140,1,300140
2018-04-23,301420,298000,300998,298821,2,298821
2018-04-24,300750,293000,299600,295734,3,295734
2018-04-25,296010,291995,294660,295279,2,295279
2018-04-26,296760,294400,296750,295769,1,295769
2018-04-27,296455,293980,295850,295995,1,295995
2018-04-30,297240,290650,296900,290650,3,290650
2018-05-01,292730,289170,291150,292730,4,292730
2018-05-02,292400,289750,291850,290450,3,290450
2018-05-03,289171,284850,289171,287051,5,287051
2018-05-04,294349,280428,288200,292600,7,292600
2018-05-07,297500,293700,294720,295600,3,295600
2018-05-08,295770,292240,295560,295700,3,295700
2018-05-09,300000,294950,295000,299991,2,299991
2018-05-10,301630,298635,300140,301630,3,301630
2018-05-11,303530,298360,300300,298770,3,298770
2018-05-14,300730,298100,300000,298200,2,298200
2018-05-15,298155,294420,297555,296200,2,296200
2018-05-16,297580,295000,295700,296300,1,296300
2018-05-17,296840,295000,296750,296440,1,296440
2018-05-18,296440,293965,296440,294380,2,294380
2018-05-21,297775,295745,296200,296620,2,296620
2018-05-22,298300,296006,297300,296991,2,296991
2018-05-23,296580,292647,296500,294400,3,294400
2018-05-24,294110,291222,293980,291850,2,291850
2018-05-25,292370,290100,291600,290886,2,290886
2018-05-29,289700,283600,289700,286000,9,286000
2018-05-30,293116,288300,288500,292000,6,292000
2018-05-31,291700,287200,291000,287200,4,287200
2018-06-01,291000,288470,290080,289200,2,289200
2018-06-04,291080,288000,290095,288000,2,288000
2018-06-05,288100,286200,288000,286700,3,286700
2018-06-06,291261,287680,287680,290722,3,290722
2018-06-07,294000,291110,291900,292900,3,292900
2018-06-08,294540,291645,292300,294055,2,294055
2018-06-11,295302,292770,294600,292770,2,292770
2018-06-12,294190,292370,293450,293005,2,293005
2018-06-13,294020,291825,293100,292769,2,292769
2018-06-14,292800,288978,292800,289670,3,289670
2018-06-15,289600,286200,289600,287626,3,287626
2018-06-18,287850,285700,286100,287600,2,287600
2018-06-19,287164,284800,286450,286700,3,286700
2018-06-20,286780,285000,286780,285000,3,285000
2018-06-21,285800,283600,285300,285000,5,285000
2018-06-22,287310,285401,285900,286541,5,286541
2018-06-25,285705,282500,285000,284640,3,284640
2018-06-26,287000,282400,283200,284500,5,284500
2018-06-27,285700,281600,284500,281600,6,281600
2018-06-28,285625,282000,282950,284920,5,284920
2018-06-29,288080,282000,286700,282040,4,282040
2018-07-02,284501,282050,282050,283800,1,283800
2018-07-03,285000,281600,284900,282000,1,282000
2018-07-05,284203,282140,282400,283635,2,283635
2018-07-06,285406,282840,283140,283700,1,283700
2018-07-09,286720,284515,285000,286720,1,286720
2018-07-10,287770,286070,287499,286385,2,286385
2018-07-11,289500,285010,285500,288481,4,288481
2018-07-12,289800,286161,288550,288000,5,288000
2018-07-13,290100,287221,288000,290000,6,290000
2018-07-16,290920,288800,288800,289000,3,289000
2018-07-17,289800,287560,289220,288500,2,288500
2018-07-18,304100,295060,295060,303210,10,303210
2018-07-19,303549,298205,303210,299000,3,299000
2018-07-20,299380,298005,298005,299380,2,299380
2018-07-23,301560,298835,298900,300230,5,300230
2018-07-24,303400,300400,300650,300400,2,300400
2018-07-25,300500,297888,300000,299816,2,299816
2018-07-26,302000,300300,300300,300501,2,300501
2018-07-27,302749,300500,300500,302000,3,302000
2018-07-30,304400,301240,301240,303432,4,303432
2018-07-31,303400,301080,303400,301550,5,301550
2018-08-01,303900,300770,302500,301200,2,301200
2018-08-02,302175,299000,300550,301160,2,301160
2018-08-03,304990,301720,302300,304671,3,304671
2018-08-06,315015,308600,309000,311806,7,311806
2018-08-07,317100,313950,313950,315600,5,315600
2018-08-08,316599,314376,315550,315300,2,315300
2018-08-09,316575,315000,315400,315100,1,315100
2018-08-10,313799,310540,313799,312000,2,312000
2018-08-13,312750,309983,311200,310230,2,310230
2018-08-14,312108,310250,310745,310815,1,310815
2018-08-15,311300,308000,310000,309050,1,309050
2018-08-16,313195,309950,310120,313000,2,313000
2018-08-17,314290,312260,312975,313465,2,313465
2018-08-20,315535,313465,313465,314060,1,314060
2018-08-21,315600,313725,314950,313725,2,313725
2018-08-22,313250,311960,313250,312400,1,312400
2018-08-23,312930,311710,312300,311983,1,311983
2018-08-24,313640,312150,312150,312850,2,312850
2018-08-27,317500,314250,314250,316200,2,316200
2018-08-28,317730,316110,316700,317124,3,317124
2018-08-29,317850,316320,317850,317505,2,317505
2018-08-30,317450,315880,317000,317000,4,317000
2018-08-31,316900,315000,316900,315800,5,315800
2018-09-04,317250,315000,315800,317250,2,317250
2018-09-05,319950,316123,316500,319920,3,319920
2018-09-06,321175,318500,318500,320035,4,320035
2018-09-07,322743,320000,320000,321700,3,321700
2018-09-10,324995,322105,322200,322560,3,322560
2018-09-11,324420,320070,321200,323242,2,323242
2018-09-12,323420,321750,321750,322340,2,322340
2018-09-13,323455,321575,322700,321575,3,321575
2018-09-14,324999,323276,323980,324999,2,324999
2018-09-17,325666,323836,325040,324575,2,324575
2018-09-18,327820,324945,325000,327436,5,327436
2018-09-19,332000,326400,326400,332000,6,332000
2018-09-20,334560,332300,332300,333415,3,333415
2018-09-21,333860,331015,333780,331336,4,331336
2018-09-24,330990,326940,330300,327840,3,327840
2018-09-25,328500,326280,328101,328500,2,328500
2018-09-26,328100,324286,328100,324286,3,324286
2018-09-27,326500,323112,324401,324731,3,324731
2018-09-28,324500,320000,324500,320000,4,320000
2018-10-01,324100,320910,323165,321930,5,321930
2018-10-02,323330,321150,321280,322900,2,322900
2018-10-03,326506,323175,323175,323878,4,323878
2018-10-04,328410,324325,324325,327900,2,327900
2018-10-05,330120,328190,328700,329500,2,329500
2018-10-08,334070,329150,329150,333337,2,333337
2018-10-09,335900,331800,332700,335630,5,335630
2018-10-10,335441,319100,334830,319100,5,319100
2018-10-11,317990,305000,316110,308000,8,308000
2018-10-12,314590,306375,314200,310000,4,310000
2018-10-15,310000,307205,310000,308000,3,308000
2018-10-16,316000,309750,310750,314750,3,314750
2018-10-17,317500,311296,314500,315200,4,315200
2018-10-18,316889,311000,316100,313200,2,313200
2018-10-19,316180,312264,313200,314477,4,314477
2018-10-22,315150,309080,315150,309080,3,309080
2018-10-23,307915,302861,304899,305100,4,305100
2018-10-24,306000,299381,305003,299995,4,299995
2018-10-25,305050,300430,302000,302231,4,302231
2018-10-26,300605,296003,299995,296805,6,296805
2018-10-29,306864,297000,302500,300000,4,300000
2018-10-30,305579,298480,300300,305579,4,305579
2018-10-31,312010,307090,309180,307705,3,307705
2018-11-01,309199,306001,308007,308366,2,308366
2018-11-02,313015,305250,312150,308411,2,308411
2018-11-05,326047,318880,318880,323935,6,323935
2018-11-06,327600,324885,325945,327050,3,327050
2018-11-07,332222,326600,330000,331391,3,331391
2018-11-08,335109,330980,331400,333200,4,333200
2018-11-09,331940,327510,331840,329665,1,329665
2018-11-12,329065,322980,328930,323040,2,323040
2018-11-13,328408,323105,323105,326700,3,326700
2018-11-14,330450,321000,329080,323700,3,323700
2018-11-15,326300,318120,322770,326300,2,326300
2018-11-16,330526,323800,326000,328350,2,328350
2018-11-19,327025,322960,327000,326706,2,326706
2018-11-20,323010,315623,322710,315970,4,315970
2018-11-21,320396,316000,316300,316301,1,316301
2018-11-23,315000,310340,315000,310340,1,310340
2018-11-26,316430,313135,313700,316040,2,316040
2018-11-27,319100,315420,315420,318696,2,318696
2018-11-28,326450,318745,319150,325000,5,325000
2018-11-29,328900,324200,324750,326481,4,326481
2018-11-30,328550,325125,325125,326000,2,326000
2018-12-03,335041,328580,331500,330921,4,330921
2018-12-04,330200,314929,330200,315000,6,315000
2018-12-06,312150,304500,310550,312000,6,312000
2018-12-07,316280,305850,313250,307674,2,307674
2018-12-10,306990,298101,306200,304600,5,304600
2018-12-11,310697,301234,309499,303226,3,303226
2018-12-12,308272,303400,308000,303600,3,303600
2018-12-13,304955,302310,303700,303750,5,303750
2018-12-14,302406,299440,301554,300320,8,300320
2018-12-17,303150,296000,299120,297000,5,297000
2018-12-18,300540,292524,299030,294500,8,294500
2018-12-19,301000,290627,295000,293040,5,293040
2018-12-20,292975,287485,290425,290100,7,290100
2018-12-21,296100,287800,290000,288000,5,288000
2018-12-24,288000,281000,288000,282640,4,282640
2018-12-26,296745,279410,283250,294850,5,294850
2018-12-27,299800,288000,293000,298500,6,298500
2018-12-28,306900,300005,300005,302600,5,302600
2018-12-31,307479,301618,306000,306000,3,306000
2019-01-02,306255,301880,302000,304057,4,304057
2019-01-03,300000,286650,300000,287000,7,287000
2019-01-04,295404,290755,292715,292500,8,292500
2019-01-07,297170,292970,294500,295400,6,295400
2019-01-08,299060,292179,299060,294300,3,294300
2019-01-09,296250,292600,295990,294560,3,294560
2019-01-10,296725,292815,293600,295160,3,295160
2019-01-11,294300,292000,293750,293980,5,293980
2019-01-14,294631,291650,291750,292371,5,292371
2019-01-15,295880,293009,294180,295000,5,295000
2019-01-16,299300,295811,296300,295811,7,295811
2019-01-17,299075,294970,297000,297547,2,297547
2019-01-18,306725,300603,301398,306500,4,306500
2019-01-22,307305,298794,305000,300531,3,300531
2019-01-23,301850,298000,300725,301835,2,301835
2019-01-24,302100,299740,300035,301680,2,301680
2019-01-25,306950,303265,304561,303531,2,303531
2019-01-28,302240,299850,301900,301000,4,301000
2019-01-29,303014,300745,300880,303000,2,303000
2019-01-30,311145,304800,305900,309180,3,309180
2019-01-31,311890,306195,307540,311500,5,311500
2019-02-01,313960,309965,310005,313875,4,313875
2019-02-04,313650,310470,313650,312000,3,312000
2019-02-05,313000,310155,312550,310700,4,310700
2019-02-06,310449,307780,310000,308810,1,308810
2019-02-07,307150,301100,307000,302813,2,302813
2019-02-08,301390,297381,301000,300771,2,300771
2019-02-11,304930,302350,302375,304884,2,304884
2019-02-12,310000,307655,307900,309260,2,309260
2019-02-13,312140,308025,309650,308320,4,308320
2019-02-14,306895,302585,306895,303890,2,303890
2019-02-15,308320,305850,307000,308139,2,308139
2019-02-19,309350,307295,307820,307315,2,307315
2019-02-20,309500,307500,308375,309500,1,309500
2019-02-21,309800,306535,308992,307925,2,307925
2019-02-22,305434,300000,305434,302000,4,302000
2019-02-25,307500,302000,303050,303300,3,303300
2019-02-26,303900,302000,303900,302500,2,302500
2019-02-27,303503,302100,302500,303000,3,303000
2019-02-28,303710,302000,303605,302200,2,302200
2019-03-01,306416,303000,304520,304860,2,304860
2019-03-04,307315,301200,304900,303400,3,303400
2019-03-05,303100,301300,302825,302600,2,302600
2019-03-06,303548,301200,302300,301375,1,301375
2019-03-07,301000,297500,300800,299050,3,299050
2019-03-08,299161,295900,297000,299000,2,299000
2019-03-11,303451,300000,300000,303279,2,303279
2019-03-12,305540,303725,304200,304235,2,304235
2019-03-13,308026,304355,304500,306300,4,306300
2019-03-14,306555,304300,305360,305350,1,305350
2019-03-15,309171,306000,306440,307250,3,307250
2019-03-18,310394,308140,308140,309996,3,309996
2019-03-19,311299,307100,311100,307900,2,307900
2019-03-20,307922,304850,307900,305505,2,305505
2019-03-21,307120,303390,304000,307120,2,307120
2019-03-22,305940,300717,305940,301225,3,301225
2019-03-25,303410,297900,301227,299380,3,299380
2019-03-26,302018,298500,301425,300961,2,300961
2019-03-27,301481,297900,300851,299764,3,299764
2019-03-28,301250,298400,300050,301250,2,301250
2019-03-29,302579,300152,302500,301215,5,301215
2019-04-01,307930,302800,302800,307800,4,307800
2019-04-02,307900,305417,307000,306000,2,306000
2019-04-03,308240,304600,308000,305750,2,305750
2019-04-04,307385,305100,305250,306461,3,306461
2019-04-05,308375,305495,305495,307776,3,307776
2019-04-08,308598,306185,307674,307461,1,307461
2019-04-09,307380,305600,306820,307380,1,307380
2019-04-10,307700,305600,307700,307000,2,307000
2019-04-11,310500,306899,308074,309875,2,309875
2019-04-12,317226,311000,311000,314250,2,314250
2019-04-15,315345,311570,315000,314500,2,314500
2019-04-16,317500,315000,315000,317500,1,317500
2019-04-17,318519,314694,318000,316040,1,316040
2019-04-18,317003,314610,316620,315330,1,315330
2019-04-22,315310,313460,313800,314100,1,314100
2019-04-23,317730,313756,313865,317684,2,317684
2019-04-24,317703,315561,317025,316000,2,316000
2019-04-25,319015,314295,314900,318500,3,318500
2019-04-26,321494,318420,318505,321000,4,321000
2019-04-29,325845,322000,322000,324921,4,324921
2019-04-30,325615,322294,325000,325080,2,325080
2019-05-01,328013,324926,325700,325900,3,325900
2019-05-02,326557,322861,325000,324214,2,324214
2019-05-03,328555,325385,326000,327766,2,327766
2019-05-06,322250,317390,322100,320000,6,320000
2019-05-07,317755,312000,316400,315120,7,315120
2019-05-08,324000,312500,314900,314750,4,314750
2019-05-09,314890,308325,313500,314400,4,314400
2019-05-10,315910,308601,310850,315500,4,315500
2019-05-13,311000,308360,309750,308360,5,308360
2019-05-14,312081,306666,310100,306850,3,306850
2019-05-15,307595,303475,306000,305580,2,305580
2019-05-16,311000,307690,308000,307936,2,307936
2019-05-17,309023,305150,305450,306355,1,306355
2019-05-20,305975,304138,305100,305362,1,305362
2019-05-21,307481,305400,306000,306225,2,306225
2019-05-22,306355,304188,305234,304300,1,304300
2019-05-23,304200,300593,303000,304115,4,304115
2019-05-24,305000,302850,304540,303000,1,303000
2019-05-28,304500,301000,304350,301050,3,301050
2019-05-29,300810,298070,300100,299860,4,299860
2019-05-30,301662,300025,300025,300877,2,300877
2019-05-31,299339,296800,298000,297060,3,297060
2019-06-03,299775,296623,297000,299742,3,299742
2019-06-04,304000,301500,301790,304000,2,304000
2019-06-05,306543,303400,305300,306400,2,306400
2019-06-06,308566,305200,305800,307900,4,307900
2019-06-07,310500,308940,310000,309265,3,309265
2019-06-10,312500,310280,310460,311524,2,311524
2019-06-11,313600,309315,313190,310238,2,310238
2019-06-12,310086,306465,309250,307196,2,307196
2019-06-13,308550,306795,307000,307445,2,307445
2019-06-14,308800,306320,306695,308206,1,308206
2019-06-17,308206,305000,308206,305480,1,305480
2019-06-18,309800,306410,306915,308885,3,308885
2019-06-19,312450,309550,309740,310966,3,310966
2019-06-20,313000,309120,312600,312900,3,312900
2019-06-21,313100,309000,311378,309000,3,309000
2019-06-24,311300,309000,309000,310650,2,310650
2019-06-25,312700,309513,310500,312700,3,312700
2019-06-26,315000,312350,312385,312705,2,312705
2019-06-27,318750,313200,313200,318285,4,318285
2019-06-28,319960,317107,319400,318350,3,318350
2019-07-01,322700,319943,321032,321891,4,321891
2019-07-02,323250,320413,320600,321515,2,321515
2019-07-03,322900,319120,321815,322900,2,322900
2019-07-05,323642,320918,322600,323149,2,323149
2019-07-08,323567,320974,321400,322451,1,322451
2019-07-09,322347,319500,321000,322200,1,322200
2019-07-10,324711,320591,322500,320591,2,320591
2019-07-11,321883,319453,320905,319837,4,319837
2019-07-12,321093,318832,319750,321093,1,321093
2019-07-15,321500,319455,321500,320300,1,320300
2019-07-16,322300,319250,321040,319273,2,319273
2019-07-17,318500,311115,318325,311600,5,311600
2019-07-18,313595,310770,310770,312003,6,312003
2019-07-19,312875,309200,312600,309218,3,309218
2019-07-22,309500,306623,308500,307135,3,307135
2019-07-23,309850,307600,309192,309340,3,309340
2019-07-24,312000,308675,308750,312000,2,312000
2019-07-25,312290,309980,312000,310750,2,310750
2019-07-26,315000,310275,310977,315000,2,315000
2019-07-29,314833,312977,314833,313529,2,313529
2019-07-30,312822,310805,311650,312430,2,312430
2019-07-31,314390,308666,312000,308666,2,308666
2019-08-01,311000,303200,310250,303660,3,303660
2019-08-02,306960,300132,304170,306000,2,306000
2019-08-05,302490,297500,300150,297785,5,297785
2019-08-06,316000,298255,300000,302325,3,302325
2019-08-07,300196,294511,298000,299182,3,299182
2019-08-08,302409,298700,300000,301905,2,301905
2019-08-09,301910,298110,301000,300435,3,300435
2019-08-12,300673,297100,297850,298001,1,298001
2019-08-13,302828,297250,297799,299510,2,299510
2019-08-14,296850,295000,296100,295000,2,295000
2019-08-15,299500,296076,296600,298067,2,298067
2019-08-16,301743,298687,300260,300555,1,300555
2019-08-19,305000,301055,305000,301414,2,301414
2019-08-20,301045,297505,300700,297505,1,297505
2019-08-21,300100,298567,298700,299305,3,299305
2019-08-22,302801,300000,300000,302260,3,302260
2019-08-23,301200,295405,300200,296922,5,296922
2019-08-26,300899,297540,298100,300899,2,300899
2019-08-27,302000,298000,300821,298420,2,298420
2019-08-28,301300,297387,297955,300990,2,300990
2019-08-29,305975,303100,303400,305040,3,305040
2019-08-30,306829,303078,306750,303078,2,303078
2019-09-03,302920,300731,302200,301356,2,301356
2019-09-04,304419,302500,304200,303300,1,303300
2019-09-05,309200,306000,306000,306066,2,306066
2019-09-06,307775,306000,307250,307260,2,307260
2019-09-09,311626,308799,308799,309701,2,309701
2019-09-10,312300,309400,311100,311950,3,311950
2019-09-11,316500,311575,312250,316230,4,316230
2019-09-12,319200,316675,316970,317182,5,317182
2019-09-13,321833,318400,319000,320850,4,320850
2019-09-16,318101,315345,318101,315807,1,315807
2019-09-17,316666,313220,315807,315744,2,315744
2019-09-18,317030,313950,313950,317030,2,317030
2019-09-19,317100,313500,316400,315000,1,315000
2019-09-20,315000,311500,315000,313700,4,313700
2019-09-23,313235,309971,311150,313225,2,313225
2019-09-24,313423,308885,312000,310356,2,310356
2019-09-25,312330,309700,309750,311906,1,311906
2019-09-26,311906,309671,311906,310250,3,310250
2019-09-27,312325,310055,311880,311450,1,311450
2019-09-30,312970,311390,311450,311832,2,311832
2019-10-01,314605,309830,313100,310005,2,310005
2019-10-02,308600,303665,308600,305090,7,305090
2019-10-03,307600,302260,304585,307250,6,307250
2019-10-04,312524,307887,307887,312524,2,312524
2019-10-07,312360,309555,311000,310720,1,310720
2019-10-08,309400,306040,309400,306539,4,306539
2019-10-09,310815,307133,307660,310000,2,310000
2019-10-10,312120,309540,309700,309974,2,309974
2019-10-11,315000,312120,313270,312500,4,312500
2019-10-14,311971,310500,311700,311640,1,311640
2019-10-15,315287,311567,311583,314250,3,314250
2019-10-16,314925,312725,312725,313850,2,313850
2019-10-17,314900,312970,313640,313200,2,313200
2019-10-18,314400,312595,312807,313270,2,313270
2019-10-21,317133,315275,315275,317040,3,317040
2019-10-22,317867,315888,316300,316180,1,316180
2019-10-23,316560,314398,316000,316560,3,316560
2019-10-24,316855,314619,315250,315027,3,315027
2019-10-25,318419,315250,315250,317495,4,317495
2019-10-28,319923,318000,318000,319055,4,319055
2019-10-29,319772,318000,318200,319423,5,319423
2019-10-30,320015,317490,318735,320000,4,320000
2019-10-31,320500,317310,319819,318939,5,318939
2019-11-01,324850,320000,320250,323400,5,323400
2019-11-04,327867,325523,326850,326800,3,326800
2019-11-05,332500,327500,328000,331500,8,331500
2019-11-06,333000,330500,331000,332855,4,332855
2019-11-07,335000,332600,333720,333860,5,333860
2019-11-08,333234,329975,333225,331526,2,331526
2019-11-11,331650,330380,330380,330986,1,330986
2019-11-12,333171,330950,331850,331106,1,331106
2019-11-13,330025,328240,329150,329402,2,329402
2019-11-14,329892,327120,329500,329302,2,329302
2019-11-15,330269,328455,329400,329405,3,329405
2019-11-18,330500,327800,330000,329225,2,329225
2019-11-19,329900,328315,329860,328601,3,328601
2019-11-20,327770,324200,327600,326712,3,326712
2019-11-21,326703,324580,326000,325102,2,325102
2019-11-22,326975,325305,325695,326962,1,326962
2019-11-25,328900,327521,328000,328301,2,328301
2019-11-26,328794,326780,328301,328402,2,328402
2019-11-27,330910,327720,328875,330685,3,330685
2019-11-29,330880,329705,330424,330495,3,330495
2019-12-02,332008,330374,330802,330609,3,330609
2019-12-03,328000,324900,327600,327539,2,327539
2019-12-04,328100,326780,326782,327501,2,327501
2019-12-05,329799,327500,328200,329799,2,329799
2019-12-06,334460,332600,332870,333640,4,333640
2019-12-09,334998,331770,333640,331904,2,331904
2019-12-10,333005,330670,331904,332120,5,332120
2019-12-11,333900,331424,331424,333600,3,333600
2019-12-12,339770,334330,334330,338800,6,338800
2019-12-13,339704,336000,337754,338080,2,338080
2019-12-16,341785,339313,339850,340380,3,340380
2019-12-17,342250,339000,340807,339000,3,339000
2019-12-18,340646,337400,340250,337500,2,337500
2019-12-19,338499,336065,337320,337491,5,337491
2019-12-20,341755,338567,340219,339850,3,339850
2019-12-23,339850,337633,339000,338045,2,338045
2019-12-24,338390,337649,337920,338390,1,338390
2019-12-26,339725,338439,339725,339650,1,339650
2019-12-27,340550,338340,339600,338920,2,338920
2019-12-30,339960,337025,339000,338750,3,338750
2019-12-31,340000,337920,338750,339590,1,339590
2020-01-02,342261,340065,341150,342261,4,342261
2020-01-03,341040,337755,338207,339155,2,339155
2020-01-06,340340,337100,337750,340210,3,340210
2020-01-07,340000,338200,340000,338901,3,338901
2020-01-08,341580,338850,339450,339188,2,339188
2020-01-09,343263,340800,341100,343263,3,343263
2020-01-10,342850,340000,342796,340185,1,340185
2020-01-13,342855,339560,340600,342855,2,342855
2020-01-14,342500,340490,341101,340706,2,340706
2020-01-15,342950,340450,340450,342550,1,342550
2020-01-16,345000,342806,343155,344505,2,344505
2020-01-17,347400,344550,345000,344970,2,344970
2020-01-21,346700,342185,345000,342650,3,342650
2020-01-22,345500,342680,343100,344700,2,344700
2020-01-23,344600,341150,343596,344414,2,344414
2020-01-24,343520,339139,342850,340199,3,340199
2020-01-27,335450,332000,334450,333621,5,333621
2020-01-28,338000,335032,335600,336000,2,336000
2020-01-29,339400,336250,336250,336476,1,336476
2020-01-30,342000,334360,334360,342000,2,342000
2020-01-31,339855,335120,339855,335996,3,335996
2020-02-03,339450,334580,338160,334860,2,334860
2020-02-04,340296,337280,339220,337421,2,337421
2020-02-05,342910,340359,340400,342615,3,342615
2020-02-06,345000,343070,344290,344081,2,344081
2020-02-07,342775,340345,342000,340900,2,340900
2020-02-10,341078,338000,340904,340361,2,340361
2020-02-11,342350,340461,342350,340780,2,340780
2020-02-12,343146,340404,341900,341000,2,341000
2020-02-13,341048,338500,340500,338500,3,338500
2020-02-14,340600,338437,339488,340224,1,340224
2020-02-18,341000,338000,340224,339745,2,339745
2020-02-19,344428,340317,340656,344000,3,344000
2020-02-20,344642,340965,343750,342122,3,342122
2020-02-21,344975,340600,341850,343449,2,343449
2020-02-24,336163,330940,335000,333190,7,333190
2020-02-25,335000,325900,333195,328000,6,328000
2020-02-26,330603,324301,328200,324301,4,324301
2020-02-27,322292,312501,320480,312619,5,312619
2020-02-28,310337,300750,304000,309096,7,309096
2020-03-02,327937,308100,314000,324500,5,324500
2020-03-03,327000,310000,322550,313914,4,313914
2020-03-04,327246,314607,321000,326125,4,326125
2020-03-05,318605,311250,318605,315000,4,315000
2020-03-06,311258,304767,309000,310894,5,310894
2020-03-09,298670,290000,292300,290005,11,290005
2020-03-10,304199,293500,301950,303561,7,303561
2020-03-11,297473,290400,296550,292130,6,292130
2020-03-12,282000,266800,276550,272000,19,272000
2020-03-13,295972,270210,283500,289000,11,289000
2020-03-16,283480,260000,260000,268000,7,268000
2020-03-17,280619,268000,275000,280248,12,280248
2020-03-18,270874,251101,266000,256300,15,256300
2020-03-19,264440,250000,251100,261690,11,261690
2020-03-20,265000,251000,265000,257346,12,257346
2020-03-23,250000,239440,249000,240000,13,240000
2020-03-24,268500,254500,255226,267090,12,267090
2020-03-25,283325,262710,269200,270759,10,270759
2020-03-26,277163,269500,270800,276095,8,276095
2020-03-27,276363,265337,267600,268126,6,268126
2020-03-30,276000,267020,269410,274021,4,274021
2020-03-31,279140,270845,272636,272000,5,272000
2020-04-01,267850,261180,265900,261250,9,261250
2020-04-02,271475,261895,262131,271475,9,271475
2020-04-03,270205,263242,268700,267954,3,267954
2020-04-06,279500,271444,273001,277260,6,277260
2020-04-07,287000,276700,285010,276700,7,276700
2020-04-08,287000,278280,280850,286999,4,286999
2020-04-09,295765,287220,290950,290500,6,290500
2020-04-13,290950,279060,290950,282800,6,282800
2020-04-14,291533,286393,291400,289730,7,289730
2020-04-15,284500,281201,284500,283750,6,283750
2020-04-16,283751,278800,283750,282282,8,282282
2020-04-17,289585,283600,289585,284400,8,284400
2020-04-20,283800,281000,282200,282800,7,282800
2020-04-21,278610,275000,275950,275750,7,275750
2020-04-22,280888,278000,280000,279660,7,279660
2020-04-23,280888,277268,280000,278750,6,278750
2020-04-24,280130,276602,280100,279460,5,279460
2020-04-27,284039,279855,280911,281264,8,281264
2020-04-28,286480,280600,285400,280600,6,280600
2020-04-29,288888,283800,286400,284749,8,284749
2020-04-30,284453,280280,283200,281700,5,281700
2020-05-01,278710,272520,278121,273975,6,273975
2020-05-04,270000,265000,270000,267080,6,267080
2020-05-05,270000,264280,269999,264280,5,264280
2020-05-06,266400,259100,265000,259100,5,259100
2020-05-07,263710,260110,260110,260750,4,260750
2020-05-08,266105,261990,264566,265280,3,265280
2020-05-11,264398,260901,264320,261601,4,261601
2020-05-12,263800,260000,262701,260000,3,260000
2020-05-13,259499,255000,259499,255715,6,255715
2020-05-14,257262,250926,254000,256230,4,256230
2020-05-15,256100,252801,254586,253501,3,253501
2020-05-18,265002,258511,260000,262900,6,262900
2020-05-19,262200,258700,260800,258700,3,258700
2020-05-20,265130,261500,261880,264100,2,264100
2020-05-21,264930,261641,264200,261906,3,261906
2020-05-22,263094,259990,262000,263094,3,263094
2020-05-26,272500,268095,269900,270330,6,270330
2020-05-27,279000,275850,276755,278495,5,278495
2020-05-28,280899,276000,280899,277035,4,277035
2020-05-29,278640,273850,275000,278640,4,278640
2020-06-01,278167,275000,278167,275600,3,275600
2020-06-02,279410,275601,275601,278560,4,278560
2020-06-03,287370,281800,283100,286090,4,286090
2020-06-04,288000,284377,285804,287878,3,287878
2020-06-05,302095,294200,294505,300920,6,300920
2020-06-08,304990,299400,303594,302235,6,302235
2020-06-09,298220,293799,295501,293955,4,293955
2020-06-10,294493,287200,293900,287200,4,287200
2020-06-11,280280,267000,277750,267729,9,267729
2020-06-12,276800,267593,275730,271515,6,271515
2020-06-15,272530,264030,266400,271956,8,271956
2020-06-16,279945,270000,279945,273480,9,273480
2020-06-17,275000,270870,274849,275000,8,275000
2020-06-18,273000,269300,270500,273000,8,273000
2020-06-19,274429,268807,274160,271600,9,271600
2020-06-22,272000,268200,269047,272000,9,272000
2020-06-23,273790,271115,272750,272700,9,272700
2020-06-24,269800,266200,269800,266440,7,266440
2020-06-25,269678,264611,265000,267840,4,267840
2020-06-26,268109,262700,267500,263400,8,263400
2020-06-29,265803,263600,264320,265219,4,265219
2020-06-30,268600,265067,265400,267300,5,267300
2020-07-01,270500,266357,267600,267020,4,267020
2020-07-02,271500,267420,270800,267551,5,267551
2020-07-06,275080,272600,274180,274050,5,274050
2020-07-07,273870,271057,272830,271640,4,271640
2020-07-08,273664,270076,271000,271770,3,271770
2020-07-09,272220,267307,271770,268780,4,268780
2020-07-10,274450,268000,268238,273900,3,273900
2020-07-13,278640,275100,275540,276015,5,276015
2020-07-14,285000,274000,274000,284780,4,284780
2020-07-15,289730,283620,289500,285520,5,285520
2020-07-16,287770,282560,282560,286271,3,286271
2020-07-17,288170,285972,287540,286140,3,286140
2020-07-20,286900,284450,285400,285590,2,285590
2020-07-21,290170,286600,286721,288201,5,288201
2020-07-22,288319,286211,287000,287961,2,287961
2020-07-23,290084,287436,287961,289436,3,289436
2020-07-24,294254,290521,290684,291621,3,291621
2020-07-27,290692,287850,290590,288107,3,288107
2020-07-28,291720,286000,286000,290940,3,290940
2020-07-29,294870,290940,290940,294496,3,294496
2020-07-30,291927,288610,290335,291362,2,291362
2020-07-31,293798,290150,291750,293631,3,293631
2020-08-03,301000,294510,295000,298800,5,298800
2020-08-04,300330,297470,298000,300330,3,300330
2020-08-05,306970,301200,301871,305200,6,305200
2020-08-06,308000,304820,305000,307455,414,307455
2020-08-07,314365,305681,305681,314334,4,314334
2020-08-10,319250,314240,316820,318830,4,318830
2020-08-11,323500,318500,322500,319380,5,319380
2020-08-12,321229,318801,320255,320000,4,320000
2020-08-13,319810,317471,318500,318114,3,318114
2020-08-14,318000,315402,317300,316251,2,316251
2020-08-17,315500,309747,315139,310220,4,310220
2020-08-18,314800,310700,310910,313419,2,313419
2020-08-19,315300,310412,313745,310800,3,310800
2020-08-20,310107,307376,307376,309300,3,309300
2020-08-21,312600,309000,309000,311126,4,311126
2020-08-24,320000,314501,315100,318800,4,318800
2020-08-25,321001,319534,320300,319970,3,319970
2020-08-26,323939,318900,319600,322301,4,322301
2020-08-27,327000,323700,323700,325659,6,325659
2020-08-28,328279,323570,325950,327431,3,327431
2020-08-31,329299,326900,327500,327560,5,327560
2020-09-01,327560,325336,325500,327440,3,327440
2020-09-02,333010,327507,328175,332840,4,332840
2020-09-03,334960,325522,332850,327360,6,327360
2020-09-04,332674,323364,330000,327401,4,327401
2020-09-08,328859,323431,324940,327200,4,327200
2020-09-09,332482,328175,328500,329760,4,329760
2020-09-10,331000,326156,330200,327214,4,327214
2020-09-11,328946,325607,328240,327115,4,327115
2020-09-14,332000,327521,328430,329725,5,329725
2020-09-15,332500,328016,330545,328804,4,328804
2020-09-16,333300,329312,331000,329801,6,329801
2020-09-17,328225,325234,327000,326401,4,326401
2020-09-18,331660,327000,328300,327601,8,327601
2020-09-21,323000,313580,321266,319534,5,319534
2020-09-22,322000,318017,320500,320601,3,320601
2020-09-23,322284,314540,321485,314840,2,314840
2020-09-24,315500,310644,313203,313780,3,313780
2020-09-25,316562,310591,311450,315156,2,315156
2020-09-28,323297,318702,319900,320061,5,320061
2020-09-29,321900,315200,321900,315891,6,315891
2020-09-30,320500,316491,318800,320001,7,320001
2020-10-01,321219,316203,321219,318600,6,318600
2020-10-02,320575,314612,315415,317480,3,317480
2020-10-05,321000,318202,319707,319000,3,319000
2020-10-06,320400,315100,319000,315350,3,315350
2020-10-07,322089,317602,319000,319571,2,319571
2020-10-08,323670,320447,321125,323275,3,323275
2020-10-09,324537,321687,323709,323470,2,323470
2020-10-12,326150,323378,324650,324560,2,324560
2020-10-13,324000,318400,324000,318969,3,318969
2020-10-14,319088,316080,319088,316080,3,316080
2020-10-15,318200,312980,314750,317540,1,317540
2020-10-16,320761,318217,319000,318504,2,318504
2020-10-19,318819,312945,318819,313500,3,313500
2020-10-20,317280,314621,316184,315375,2,315375
2020-10-21,317500,313450,313500,315206,2,315206
2020-10-22,317619,314380,314680,317180,2,317180
2020-10-23,320999,317991,318672,319344,3,319344
2020-10-26,315500,311100,314850,312735,3,312735
2020-10-27,313142,310540,311630,310540,2,310540
2020-10-28,305995,300090,304720,301740,5,301740
2020-10-29,304907,297817,300420,303000,2,303000
2020-10-30,303700,298806,300060,302500,2,302500
2020-11-02,309542,305242,307500,306375,2,306375
2020-11-03,314780,310000,312300,310659,4,310659
2020-11-04,315300,307830,310194,309503,2,309503
2020-11-05,316426,311284,314269,311934,2,311934
2020-11-06,315310,311917,312250,313885,2,313885
2020-11-09,337600,327033,333000,330600,11,330600
2020-11-10,343000,331977,332000,343000,6,343000
2020-11-11,343705,338224,342433,341260,4,341260
2020-11-12,338339,335186,337800,336811,3,336811
2020-11-13,342269,338000,338000,341754,3,341754
2020-11-16,350000,344846,345000,349540,7,349540
2020-11-17,352500,345417,347000,349546,6,349546
2020-11-18,351900,345500,351900,345592,3,345592
2020-11-19,345000,341897,343634,345000,2,345000
2020-11-20,344849,340728,343800,341339,2,341339
2020-11-23,345733,342380,343500,344415,3,344415
2020-11-24,352450,347310,349580,351101,4,351101
2020-11-25,351000,348446,350939,350395,3,350395
2020-11-27,351040,346200,350444,347401,2,347401
2020-11-30,346299,342672,346000,343688,2,343688
2020-12-01,348272,344479,346480,344735,2,344735
2020-12-02,345929,342900,344300,345880,3,345880
2020-12-03,347300,343602,345500,346690,2,346690
2020-12-04,348000,345900,347000,347000,6,347000
2020-12-07,345500,342600,344785,343539,6,343539
2020-12-08,343191,340126,341888,342281,3,342281
2020-12-09,343000,340300,342526,340501,3,340501
2020-12-10,341942,339061,339750,340500,3,340500
2020-12-11,340415,337167,338440,340064,2,340064
2020-12-14,342200,334041,342200,335400,4,335400
2020-12-15,338920,334643,336494,337154,5,337154
2020-12-16,338559,333333,337154,338500,7,338500
2020-12-17,339804,333150,335000,339804,9,339804
2020-12-18,338468,333865,338000,337900,7,337900
2020-12-21,338419,333650,333650,338419,5,338419
2020-12-22,336615,334500,335535,335779,5,335779
2020-12-23,338533,336400,336400,336700,4,336700
2020-12-24,341000,337000,337000,340262,2,340262
2020-12-28,345250,341445,342000,342601,5,342601
2020-12-29,346677,343975,345144,344820,3,344820
2020-12-30,346111,343917,344410,345095,2,345095
2020-12-31,348500,343806,344302,347815,3,347815
2021-01-04,347825,340816,347825,343525,4,343525
2021-01-05,344715,340850,343900,341820,3,341820
2021-01-06,349000,342000,343000,346189,9,346189
2021-01-07,351000,347120,347900,350089,3,350089
2021-01-08,352039,348100,350500,352039,2,352039
2021-01-11,351141,348073,348100,350050,2,350050
2021-01-12,351250,348250,350050,350460,2,350460
2021-01-13,353194,348140,349147,353194,3,353194
2021-01-14,353698,351574,353100,352801,1,352801
2021-01-15,352500,348500,350540,350320,3,350320
2021-01-19,354837,348070,351177,352474,3,352474
2021-01-20,353350,350639,351975,352801,3,352801
2021-01-21,354835,352400,354200,354000,5,354000
2021-01-22,351800,349500,351800,350620,3,350620
2021-01-25,352085,347250,349000,351900,4,351900
2021-01-26,351800,349025,350191,349200,2,349200
2021-01-27,346645,341119,346145,343450,5,343450
2021-01-28,351976,344340,344340,348220,4,348220
2021-01-29,346355,343000,344749,344100,3,344100
2021-02-01,346945,344250,345000,346175,3,346175
